pertubagenType;parentID;pertubagenBatchID;pertubagenName;smile;pubchemID;molecularMass;molecularFormulae;targetType;targetName;modification;mutation;uniprotID;taxonomy;biologicalProcess;endpointName;concentration;concentrationUnit;value
Small molecule;HMSL10094;HMSL10094;XMD8-92;O=C1N(C)C2=C(N=C(NC3=C(OCC)C=C(N4CCC(O)CC4)C=C3)N=C2)N(C)C5=CC=CC=C51;;474.550000000;C26H30N6O3;Protein;AAK1;;;Q2M2I8;H.sapiens;Inhibition;percent Inhibition;10;MicroMolar;0
Small molecule;HMSL10094;HMSL10094;XMD8-92;O=C1N(C)C2=C(N=C(NC3=C(OCC)C=C(N4CCC(O)CC4)C=C3)N=C2)N(C)C5=CC=CC=C51;;474.550000000;C26H30N6O3;Protein;ABL2;;;P42684;H.sapiens;Inhibition;percent Inhibition;10;MicroMolar;0
Small molecule;HMSL10094;HMSL10094;XMD8-92;O=C1N(C)C2=C(N=C(NC3=C(OCC)C=C(N4CCC(O)CC4)C=C3)N=C2)N(C)C5=CC=CC=C51;;474.550000000;C26H30N6O3;Protein;ACVR1;;;Q04771;H.sapiens;Inhibition;percent Inhibition;10;MicroMolar;0
Small molecule;HMSL10094;HMSL10094;XMD8-92;O=C1N(C)C2=C(N=C(NC3=C(OCC)C=C(N4CCC(O)CC4)C=C3)N=C2)N(C)C5=CC=CC=C51;;474.550000000;C26H30N6O3;Protein;ACVR1B;;;P36896;H.sapiens;Inhibition;percent Inhibition;10;MicroMolar;0
Small molecule;HMSL10094;HMSL10094;XMD8-92;O=C1N(C)C2=C(N=C(NC3=C(OCC)C=C(N4CCC(O)CC4)C=C3)N=C2)N(C)C5=CC=CC=C51;;474.550000000;C26H30N6O3;Protein;ACVR2A;;;P27037;H.sapiens;Inhibition;percent Inhibition;10;MicroMolar;0
Small molecule;HMSL10094;HMSL10094;XMD8-92;O=C1N(C)C2=C(N=C(NC3=C(OCC)C=C(N4CCC(O)CC4)C=C3)N=C2)N(C)C5=CC=CC=C51;;474.550000000;C26H30N6O3;Protein;ACVR2B;;;Q13705;H.sapiens;Inhibition;percent Inhibition;10;MicroMolar;0
Small molecule;HMSL10094;HMSL10094;XMD8-92;O=C1N(C)C2=C(N=C(NC3=C(OCC)C=C(N4CCC(O)CC4)C=C3)N=C2)N(C)C5=CC=CC=C51;;474.550000000;C26H30N6O3;Protein;ADCK3;;;Q8NI60;H.sapiens;Inhibition;percent Inhibition;10;MicroMolar;0
Small molecule;HMSL10094;HMSL10094;XMD8-92;O=C1N(C)C2=C(N=C(NC3=C(OCC)C=C(N4CCC(O)CC4)C=C3)N=C2)N(C)C5=CC=CC=C51;;474.550000000;C26H30N6O3;Protein;ADCK4;;;Q96D53;H.sapiens;Inhibition;percent Inhibition;10;MicroMolar;0
Small molecule;HMSL10094;HMSL10094;XMD8-92;O=C1N(C)C2=C(N=C(NC3=C(OCC)C=C(N4CCC(O)CC4)C=C3)N=C2)N(C)C5=CC=CC=C51;;474.550000000;C26H30N6O3;Protein;AKT1;;;P31749;H.sapiens;Inhibition;percent Inhibition;10;MicroMolar;0
Small molecule;HMSL10094;HMSL10094;XMD8-92;O=C1N(C)C2=C(N=C(NC3=C(OCC)C=C(N4CCC(O)CC4)C=C3)N=C2)N(C)C5=CC=CC=C51;;474.550000000;C26H30N6O3;Protein;AKT2;;;P31751;H.sapiens;Inhibition;percent Inhibition;10;MicroMolar;0
Small molecule;HMSL10094;HMSL10094;XMD8-92;O=C1N(C)C2=C(N=C(NC3=C(OCC)C=C(N4CCC(O)CC4)C=C3)N=C2)N(C)C5=CC=CC=C51;;474.550000000;C26H30N6O3;Protein;AKT3;;;Q9Y243;H.sapiens;Inhibition;percent Inhibition;10;MicroMolar;0
Small molecule;HMSL10094;HMSL10094;XMD8-92;O=C1N(C)C2=C(N=C(NC3=C(OCC)C=C(N4CCC(O)CC4)C=C3)N=C2)N(C)C5=CC=CC=C51;;474.550000000;C26H30N6O3;Protein;ALK;;;Q9UM73;H.sapiens;Inhibition;percent Inhibition;10;MicroMolar;71
Small molecule;HMSL10094;HMSL10094;XMD8-92;O=C1N(C)C2=C(N=C(NC3=C(OCC)C=C(N4CCC(O)CC4)C=C3)N=C2)N(C)C5=CC=CC=C51;;474.550000000;C26H30N6O3;Protein;AMPK-alpha2;;;P54646;H.sapiens;Inhibition;percent Inhibition;10;MicroMolar;0
Small molecule;HMSL10094;HMSL10094;XMD8-92;O=C1N(C)C2=C(N=C(NC3=C(OCC)C=C(N4CCC(O)CC4)C=C3)N=C2)N(C)C5=CC=CC=C51;;474.550000000;C26H30N6O3;Protein;ANKK1;;;Q8NFD2;H.sapiens;Inhibition;percent Inhibition;10;MicroMolar;0
Small molecule;HMSL10094;HMSL10094;XMD8-92;O=C1N(C)C2=C(N=C(NC3=C(OCC)C=C(N4CCC(O)CC4)C=C3)N=C2)N(C)C5=CC=CC=C51;;474.550000000;C26H30N6O3;Protein;ARK5;;;O60285;H.sapiens;Inhibition;percent Inhibition;10;MicroMolar;0
Small molecule;HMSL10094;HMSL10094;XMD8-92;O=C1N(C)C2=C(N=C(NC3=C(OCC)C=C(N4CCC(O)CC4)C=C3)N=C2)N(C)C5=CC=CC=C51;;474.550000000;C26H30N6O3;Protein;ASK1;;;Q99683;H.sapiens;Inhibition;percent Inhibition;10;MicroMolar;0
Small molecule;HMSL10094;HMSL10094;XMD8-92;O=C1N(C)C2=C(N=C(NC3=C(OCC)C=C(N4CCC(O)CC4)C=C3)N=C2)N(C)C5=CC=CC=C51;;474.550000000;C26H30N6O3;Protein;ASK2;;;O95382;H.sapiens;Inhibition;percent Inhibition;10;MicroMolar;0
Small molecule;HMSL10094;HMSL10094;XMD8-92;O=C1N(C)C2=C(N=C(NC3=C(OCC)C=C(N4CCC(O)CC4)C=C3)N=C2)N(C)C5=CC=CC=C51;;474.550000000;C26H30N6O3;Protein;AURKA;;;O14965;H.sapiens;Inhibition;percent Inhibition;10;MicroMolar;0
Small molecule;HMSL10094;HMSL10094;XMD8-92;O=C1N(C)C2=C(N=C(NC3=C(OCC)C=C(N4CCC(O)CC4)C=C3)N=C2)N(C)C5=CC=CC=C51;;474.550000000;C26H30N6O3;Protein;AXL;;;P30530;H.sapiens;Inhibition;percent Inhibition;10;MicroMolar;0
Small molecule;HMSL10094;HMSL10094;XMD8-92;O=C1N(C)C2=C(N=C(NC3=C(OCC)C=C(N4CCC(O)CC4)C=C3)N=C2)N(C)C5=CC=CC=C51;;474.550000000;C26H30N6O3;Protein;BIKE;;;Q9NSY1;H.sapiens;Inhibition;percent Inhibition;10;MicroMolar;0
Small molecule;HMSL10094;HMSL10094;XMD8-92;O=C1N(C)C2=C(N=C(NC3=C(OCC)C=C(N4CCC(O)CC4)C=C3)N=C2)N(C)C5=CC=CC=C51;;474.550000000;C26H30N6O3;Protein;BLK;;;P51451;H.sapiens;Inhibition;percent Inhibition;10;MicroMolar;0
Small molecule;HMSL10094;HMSL10094;XMD8-92;O=C1N(C)C2=C(N=C(NC3=C(OCC)C=C(N4CCC(O)CC4)C=C3)N=C2)N(C)C5=CC=CC=C51;;474.550000000;C26H30N6O3;Protein;BMPR1A;;;P36894;H.sapiens;Inhibition;percent Inhibition;10;MicroMolar;0
Small molecule;HMSL10094;HMSL10094;XMD8-92;O=C1N(C)C2=C(N=C(NC3=C(OCC)C=C(N4CCC(O)CC4)C=C3)N=C2)N(C)C5=CC=CC=C51;;474.550000000;C26H30N6O3;Protein;BMPR1B;;;O00238;H.sapiens;Inhibition;percent Inhibition;10;MicroMolar;0
Small molecule;HMSL10094;HMSL10094;XMD8-92;O=C1N(C)C2=C(N=C(NC3=C(OCC)C=C(N4CCC(O)CC4)C=C3)N=C2)N(C)C5=CC=CC=C51;;474.550000000;C26H30N6O3;Protein;BMPR2;;;Q13873;H.sapiens;Inhibition;percent Inhibition;10;MicroMolar;0
Small molecule;HMSL10094;HMSL10094;XMD8-92;O=C1N(C)C2=C(N=C(NC3=C(OCC)C=C(N4CCC(O)CC4)C=C3)N=C2)N(C)C5=CC=CC=C51;;474.550000000;C26H30N6O3;Protein;BMX;;;P51813;H.sapiens;Inhibition;percent Inhibition;10;MicroMolar;0
Small molecule;HMSL10094;HMSL10094;XMD8-92;O=C1N(C)C2=C(N=C(NC3=C(OCC)C=C(N4CCC(O)CC4)C=C3)N=C2)N(C)C5=CC=CC=C51;;474.550000000;C26H30N6O3;Protein;BRAF;;;P15056;H.sapiens;Inhibition;percent Inhibition;10;MicroMolar;0
Small molecule;HMSL10094;HMSL10094;XMD8-92;O=C1N(C)C2=C(N=C(NC3=C(OCC)C=C(N4CCC(O)CC4)C=C3)N=C2)N(C)C5=CC=CC=C51;;474.550000000;C26H30N6O3;Protein;BRAF(V600E);;V600E;P15056;H.sapiens;Inhibition;percent Inhibition;10;MicroMolar;0
Small molecule;HMSL10094;HMSL10094;XMD8-92;O=C1N(C)C2=C(N=C(NC3=C(OCC)C=C(N4CCC(O)CC4)C=C3)N=C2)N(C)C5=CC=CC=C51;;474.550000000;C26H30N6O3;Protein;BRK;;;Q13882;H.sapiens;Inhibition;percent Inhibition;10;MicroMolar;0
Small molecule;HMSL10094;HMSL10094;XMD8-92;O=C1N(C)C2=C(N=C(NC3=C(OCC)C=C(N4CCC(O)CC4)C=C3)N=C2)N(C)C5=CC=CC=C51;;474.550000000;C26H30N6O3;Protein;BRSK1;;;Q8TDC3;H.sapiens;Inhibition;percent Inhibition;10;MicroMolar;0
Small molecule;HMSL10094;HMSL10094;XMD8-92;O=C1N(C)C2=C(N=C(NC3=C(OCC)C=C(N4CCC(O)CC4)C=C3)N=C2)N(C)C5=CC=CC=C51;;474.550000000;C26H30N6O3;Protein;BTK;;;Q06187;H.sapiens;Inhibition;percent Inhibition;10;MicroMolar;0
Small molecule;HMSL10094;HMSL10094;XMD8-92;O=C1N(C)C2=C(N=C(NC3=C(OCC)C=C(N4CCC(O)CC4)C=C3)N=C2)N(C)C5=CC=CC=C51;;474.550000000;C26H30N6O3;Protein;CAMK1;;;Q14012;H.sapiens;Inhibition;percent Inhibition;10;MicroMolar;0
Small molecule;HMSL10094;HMSL10094;XMD8-92;O=C1N(C)C2=C(N=C(NC3=C(OCC)C=C(N4CCC(O)CC4)C=C3)N=C2)N(C)C5=CC=CC=C51;;474.550000000;C26H30N6O3;Protein;CAMK1D;;;Q8IU85;H.sapiens;Inhibition;percent Inhibition;10;MicroMolar;0
Small molecule;HMSL10094;HMSL10094;XMD8-92;O=C1N(C)C2=C(N=C(NC3=C(OCC)C=C(N4CCC(O)CC4)C=C3)N=C2)N(C)C5=CC=CC=C51;;474.550000000;C26H30N6O3;Protein;CAMK1G;;;Q96NX5;H.sapiens;Inhibition;percent Inhibition;10;MicroMolar;0
Small molecule;HMSL10094;HMSL10094;XMD8-92;O=C1N(C)C2=C(N=C(NC3=C(OCC)C=C(N4CCC(O)CC4)C=C3)N=C2)N(C)C5=CC=CC=C51;;474.550000000;C26H30N6O3;Protein;CAMK2A;;;Q9UQM7;H.sapiens;Inhibition;percent Inhibition;10;MicroMolar;0
Small molecule;HMSL10094;HMSL10094;XMD8-92;O=C1N(C)C2=C(N=C(NC3=C(OCC)C=C(N4CCC(O)CC4)C=C3)N=C2)N(C)C5=CC=CC=C51;;474.550000000;C26H30N6O3;Protein;CAMK2B;;;Q13554;H.sapiens;Inhibition;percent Inhibition;10;MicroMolar;0
Small molecule;HMSL10094;HMSL10094;XMD8-92;O=C1N(C)C2=C(N=C(NC3=C(OCC)C=C(N4CCC(O)CC4)C=C3)N=C2)N(C)C5=CC=CC=C51;;474.550000000;C26H30N6O3;Protein;CAMK2G;;;Q13555;H.sapiens;Inhibition;percent Inhibition;10;MicroMolar;0
Small molecule;HMSL10094;HMSL10094;XMD8-92;O=C1N(C)C2=C(N=C(NC3=C(OCC)C=C(N4CCC(O)CC4)C=C3)N=C2)N(C)C5=CC=CC=C51;;474.550000000;C26H30N6O3;Protein;CAMK4;;;Q16566;H.sapiens;Inhibition;percent Inhibition;10;MicroMolar;0
Small molecule;HMSL10094;HMSL10094;XMD8-92;O=C1N(C)C2=C(N=C(NC3=C(OCC)C=C(N4CCC(O)CC4)C=C3)N=C2)N(C)C5=CC=CC=C51;;474.550000000;C26H30N6O3;Protein;CAMKK1;;;Q8N5S9;H.sapiens;Inhibition;percent Inhibition;10;MicroMolar;0
Small molecule;HMSL10094;HMSL10094;XMD8-92;O=C1N(C)C2=C(N=C(NC3=C(OCC)C=C(N4CCC(O)CC4)C=C3)N=C2)N(C)C5=CC=CC=C51;;474.550000000;C26H30N6O3;Protein;CAMKK2;;;Q96RR4;H.sapiens;Inhibition;percent Inhibition;10;MicroMolar;0
Small molecule;HMSL10094;HMSL10094;XMD8-92;O=C1N(C)C2=C(N=C(NC3=C(OCC)C=C(N4CCC(O)CC4)C=C3)N=C2)N(C)C5=CC=CC=C51;;474.550000000;C26H30N6O3;Protein;CDC2L1;;;P21127;H.sapiens;Inhibition;percent Inhibition;10;MicroMolar;0
Small molecule;HMSL10094;HMSL10094;XMD8-92;O=C1N(C)C2=C(N=C(NC3=C(OCC)C=C(N4CCC(O)CC4)C=C3)N=C2)N(C)C5=CC=CC=C51;;474.550000000;C26H30N6O3;Protein;CDK11;;;Q9BWU1;H.sapiens;Inhibition;percent Inhibition;10;MicroMolar;0
Small molecule;HMSL10094;HMSL10094;XMD8-92;O=C1N(C)C2=C(N=C(NC3=C(OCC)C=C(N4CCC(O)CC4)C=C3)N=C2)N(C)C5=CC=CC=C51;;474.550000000;C26H30N6O3;Protein;CDK2;;;P24941;H.sapiens;Inhibition;percent Inhibition;10;MicroMolar;0
Small molecule;HMSL10094;HMSL10094;XMD8-92;O=C1N(C)C2=C(N=C(NC3=C(OCC)C=C(N4CCC(O)CC4)C=C3)N=C2)N(C)C5=CC=CC=C51;;474.550000000;C26H30N6O3;Protein;CDK3;;;Q00526;H.sapiens;Inhibition;percent Inhibition;10;MicroMolar;0
Small molecule;HMSL10094;HMSL10094;XMD8-92;O=C1N(C)C2=C(N=C(NC3=C(OCC)C=C(N4CCC(O)CC4)C=C3)N=C2)N(C)C5=CC=CC=C51;;474.550000000;C26H30N6O3;Protein;CDK5;;;Q00535;H.sapiens;Inhibition;percent Inhibition;10;MicroMolar;0
Small molecule;HMSL10094;HMSL10094;XMD8-92;O=C1N(C)C2=C(N=C(NC3=C(OCC)C=C(N4CCC(O)CC4)C=C3)N=C2)N(C)C5=CC=CC=C51;;474.550000000;C26H30N6O3;Protein;CDK7;;;P50613;H.sapiens;Inhibition;percent Inhibition;10;MicroMolar;0
Small molecule;HMSL10094;HMSL10094;XMD8-92;O=C1N(C)C2=C(N=C(NC3=C(OCC)C=C(N4CCC(O)CC4)C=C3)N=C2)N(C)C5=CC=CC=C51;;474.550000000;C26H30N6O3;Protein;CDK8;;;P49336;H.sapiens;Inhibition;percent Inhibition;10;MicroMolar;0
Small molecule;HMSL10094;HMSL10094;XMD8-92;O=C1N(C)C2=C(N=C(NC3=C(OCC)C=C(N4CCC(O)CC4)C=C3)N=C2)N(C)C5=CC=CC=C51;;474.550000000;C26H30N6O3;Protein;CDK9;;;P50750;H.sapiens;Inhibition;percent Inhibition;10;MicroMolar;0
Small molecule;HMSL10094;HMSL10094;XMD8-92;O=C1N(C)C2=C(N=C(NC3=C(OCC)C=C(N4CCC(O)CC4)C=C3)N=C2)N(C)C5=CC=CC=C51;;474.550000000;C26H30N6O3;Protein;CDKL2;;;Q92772;H.sapiens;Inhibition;percent Inhibition;10;MicroMolar;0
Small molecule;HMSL10094;HMSL10094;XMD8-92;O=C1N(C)C2=C(N=C(NC3=C(OCC)C=C(N4CCC(O)CC4)C=C3)N=C2)N(C)C5=CC=CC=C51;;474.550000000;C26H30N6O3;Protein;CDKL3;;;Q8IVW4;H.sapiens;Inhibition;percent Inhibition;10;MicroMolar;0
Small molecule;HMSL10094;HMSL10094;XMD8-92;O=C1N(C)C2=C(N=C(NC3=C(OCC)C=C(N4CCC(O)CC4)C=C3)N=C2)N(C)C5=CC=CC=C51;;474.550000000;C26H30N6O3;Protein;CDKL5;;;O76039;H.sapiens;Inhibition;percent Inhibition;10;MicroMolar;0
Small molecule;HMSL10094;HMSL10094;XMD8-92;O=C1N(C)C2=C(N=C(NC3=C(OCC)C=C(N4CCC(O)CC4)C=C3)N=C2)N(C)C5=CC=CC=C51;;474.550000000;C26H30N6O3;Protein;CHEK1;;;O14757;H.sapiens;Inhibition;percent Inhibition;10;MicroMolar;0
Small molecule;HMSL10094;HMSL10094;XMD8-92;O=C1N(C)C2=C(N=C(NC3=C(OCC)C=C(N4CCC(O)CC4)C=C3)N=C2)N(C)C5=CC=CC=C51;;474.550000000;C26H30N6O3;Protein;CHEK2;;;O96017;H.sapiens;Inhibition;percent Inhibition;10;MicroMolar;0
Small molecule;HMSL10094;HMSL10094;XMD8-92;O=C1N(C)C2=C(N=C(NC3=C(OCC)C=C(N4CCC(O)CC4)C=C3)N=C2)N(C)C5=CC=CC=C51;;474.550000000;C26H30N6O3;Protein;CIT;;;O14578;H.sapiens;Inhibition;percent Inhibition;10;MicroMolar;0
Small molecule;HMSL10094;HMSL10094;XMD8-92;O=C1N(C)C2=C(N=C(NC3=C(OCC)C=C(N4CCC(O)CC4)C=C3)N=C2)N(C)C5=CC=CC=C51;;474.550000000;C26H30N6O3;Protein;CLK2;;;P49760;H.sapiens;Inhibition;percent Inhibition;10;MicroMolar;0
Small molecule;HMSL10094;HMSL10094;XMD8-92;O=C1N(C)C2=C(N=C(NC3=C(OCC)C=C(N4CCC(O)CC4)C=C3)N=C2)N(C)C5=CC=CC=C51;;474.550000000;C26H30N6O3;Protein;CLK3;;;P49761;H.sapiens;Inhibition;percent Inhibition;10;MicroMolar;0
Small molecule;HMSL10094;HMSL10094;XMD8-92;O=C1N(C)C2=C(N=C(NC3=C(OCC)C=C(N4CCC(O)CC4)C=C3)N=C2)N(C)C5=CC=CC=C51;;474.550000000;C26H30N6O3;Protein;CLK4;;;Q9HAZ1;H.sapiens;Inhibition;percent Inhibition;10;MicroMolar;0
Small molecule;HMSL10094;HMSL10094;XMD8-92;O=C1N(C)C2=C(N=C(NC3=C(OCC)C=C(N4CCC(O)CC4)C=C3)N=C2)N(C)C5=CC=CC=C51;;474.550000000;C26H30N6O3;Protein;CSF1R;;;P07333;H.sapiens;Inhibition;percent Inhibition;10;MicroMolar;0
Small molecule;HMSL10094;HMSL10094;XMD8-92;O=C1N(C)C2=C(N=C(NC3=C(OCC)C=C(N4CCC(O)CC4)C=C3)N=C2)N(C)C5=CC=CC=C51;;474.550000000;C26H30N6O3;Protein;CSK;;;P41240;H.sapiens;Inhibition;percent Inhibition;10;MicroMolar;0
Small molecule;HMSL10094;HMSL10094;XMD8-92;O=C1N(C)C2=C(N=C(NC3=C(OCC)C=C(N4CCC(O)CC4)C=C3)N=C2)N(C)C5=CC=CC=C51;;474.550000000;C26H30N6O3;Protein;CSNK1D;;;P48730;H.sapiens;Inhibition;percent Inhibition;10;MicroMolar;0
Small molecule;HMSL10094;HMSL10094;XMD8-92;O=C1N(C)C2=C(N=C(NC3=C(OCC)C=C(N4CCC(O)CC4)C=C3)N=C2)N(C)C5=CC=CC=C51;;474.550000000;C26H30N6O3;Protein;CSNK1E;;;P49674;H.sapiens;Inhibition;percent Inhibition;10;MicroMolar;0
Small molecule;HMSL10094;HMSL10094;XMD8-92;O=C1N(C)C2=C(N=C(NC3=C(OCC)C=C(N4CCC(O)CC4)C=C3)N=C2)N(C)C5=CC=CC=C51;;474.550000000;C26H30N6O3;Protein;CSNK1G1;;;Q9HCP0;H.sapiens;Inhibition;percent Inhibition;10;MicroMolar;0
Small molecule;HMSL10094;HMSL10094;XMD8-92;O=C1N(C)C2=C(N=C(NC3=C(OCC)C=C(N4CCC(O)CC4)C=C3)N=C2)N(C)C5=CC=CC=C51;;474.550000000;C26H30N6O3;Protein;CSNK1G3;;;Q9Y6M4;H.sapiens;Inhibition;percent Inhibition;10;MicroMolar;0
Small molecule;HMSL10094;HMSL10094;XMD8-92;O=C1N(C)C2=C(N=C(NC3=C(OCC)C=C(N4CCC(O)CC4)C=C3)N=C2)N(C)C5=CC=CC=C51;;474.550000000;C26H30N6O3;Protein;CSNK2A1;;;P68400;H.sapiens;Inhibition;percent Inhibition;10;MicroMolar;0
Small molecule;HMSL10094;HMSL10094;XMD8-92;O=C1N(C)C2=C(N=C(NC3=C(OCC)C=C(N4CCC(O)CC4)C=C3)N=C2)N(C)C5=CC=CC=C51;;474.550000000;C26H30N6O3;Protein;CSNK2A2;;;P19784;H.sapiens;Inhibition;percent Inhibition;10;MicroMolar;0
Small molecule;HMSL10094;HMSL10094;XMD8-92;O=C1N(C)C2=C(N=C(NC3=C(OCC)C=C(N4CCC(O)CC4)C=C3)N=C2)N(C)C5=CC=CC=C51;;474.550000000;C26H30N6O3;Protein;CTK;;;P42679;H.sapiens;Inhibition;percent Inhibition;10;MicroMolar;0
Small molecule;HMSL10094;HMSL10094;XMD8-92;O=C1N(C)C2=C(N=C(NC3=C(OCC)C=C(N4CCC(O)CC4)C=C3)N=C2)N(C)C5=CC=CC=C51;;474.550000000;C26H30N6O3;Protein;DAPK1;;;P53355;H.sapiens;Inhibition;percent Inhibition;10;MicroMolar;0
Small molecule;HMSL10094;HMSL10094;XMD8-92;O=C1N(C)C2=C(N=C(NC3=C(OCC)C=C(N4CCC(O)CC4)C=C3)N=C2)N(C)C5=CC=CC=C51;;474.550000000;C26H30N6O3;Protein;DAPK2;;;Q9UIK4;H.sapiens;Inhibition;percent Inhibition;10;MicroMolar;0
Small molecule;HMSL10094;HMSL10094;XMD8-92;O=C1N(C)C2=C(N=C(NC3=C(OCC)C=C(N4CCC(O)CC4)C=C3)N=C2)N(C)C5=CC=CC=C51;;474.550000000;C26H30N6O3;Protein;DAPK3;;;O43293;H.sapiens;Inhibition;percent Inhibition;10;MicroMolar;0
Small molecule;HMSL10094;HMSL10094;XMD8-92;O=C1N(C)C2=C(N=C(NC3=C(OCC)C=C(N4CCC(O)CC4)C=C3)N=C2)N(C)C5=CC=CC=C51;;474.550000000;C26H30N6O3;Protein;DCAMKL1;;;O15075;H.sapiens;Inhibition;percent Inhibition;10;MicroMolar;99.1
Small molecule;HMSL10094;HMSL10094;XMD8-92;O=C1N(C)C2=C(N=C(NC3=C(OCC)C=C(N4CCC(O)CC4)C=C3)N=C2)N(C)C5=CC=CC=C51;;474.550000000;C26H30N6O3;Protein;DCAMKL3;;;Q9C098;H.sapiens;Inhibition;percent Inhibition;10;MicroMolar;0
Small molecule;HMSL10094;HMSL10094;XMD8-92;O=C1N(C)C2=C(N=C(NC3=C(OCC)C=C(N4CCC(O)CC4)C=C3)N=C2)N(C)C5=CC=CC=C51;;474.550000000;C26H30N6O3;Protein;DDR1;;;Q08345;H.sapiens;Inhibition;percent Inhibition;10;MicroMolar;0
Small molecule;HMSL10094;HMSL10094;XMD8-92;O=C1N(C)C2=C(N=C(NC3=C(OCC)C=C(N4CCC(O)CC4)C=C3)N=C2)N(C)C5=CC=CC=C51;;474.550000000;C26H30N6O3;Protein;DMPK;;;Q09013;H.sapiens;Inhibition;percent Inhibition;10;MicroMolar;0
Small molecule;HMSL10094;HMSL10094;XMD8-92;O=C1N(C)C2=C(N=C(NC3=C(OCC)C=C(N4CCC(O)CC4)C=C3)N=C2)N(C)C5=CC=CC=C51;;474.550000000;C26H30N6O3;Protein;DMPK2;;;Q6DT37;H.sapiens;Inhibition;percent Inhibition;10;MicroMolar;0
Small molecule;HMSL10094;HMSL10094;XMD8-92;O=C1N(C)C2=C(N=C(NC3=C(OCC)C=C(N4CCC(O)CC4)C=C3)N=C2)N(C)C5=CC=CC=C51;;474.550000000;C26H30N6O3;Protein;DRAK2;;;O94768;H.sapiens;Inhibition;percent Inhibition;10;MicroMolar;0
Small molecule;HMSL10094;HMSL10094;XMD8-92;O=C1N(C)C2=C(N=C(NC3=C(OCC)C=C(N4CCC(O)CC4)C=C3)N=C2)N(C)C5=CC=CC=C51;;474.550000000;C26H30N6O3;Protein;DYRK1B;;;Q9Y463;H.sapiens;Inhibition;percent Inhibition;10;MicroMolar;0
Small molecule;HMSL10094;HMSL10094;XMD8-92;O=C1N(C)C2=C(N=C(NC3=C(OCC)C=C(N4CCC(O)CC4)C=C3)N=C2)N(C)C5=CC=CC=C51;;474.550000000;C26H30N6O3;Protein;DYRK2;;;Q92630;H.sapiens;Inhibition;percent Inhibition;10;MicroMolar;0
Small molecule;HMSL10094;HMSL10094;XMD8-92;O=C1N(C)C2=C(N=C(NC3=C(OCC)C=C(N4CCC(O)CC4)C=C3)N=C2)N(C)C5=CC=CC=C51;;474.550000000;C26H30N6O3;Protein;EGFR;;;P00533;H.sapiens;Inhibition;percent Inhibition;10;MicroMolar;0
Small molecule;HMSL10094;HMSL10094;XMD8-92;O=C1N(C)C2=C(N=C(NC3=C(OCC)C=C(N4CCC(O)CC4)C=C3)N=C2)N(C)C5=CC=CC=C51;;474.550000000;C26H30N6O3;Protein;EGFR(E746-A750del);;E746-A750del;P00533;H.sapiens;Inhibition;percent Inhibition;10;MicroMolar;0
Small molecule;HMSL10094;HMSL10094;XMD8-92;O=C1N(C)C2=C(N=C(NC3=C(OCC)C=C(N4CCC(O)CC4)C=C3)N=C2)N(C)C5=CC=CC=C51;;474.550000000;C26H30N6O3;Protein;EGFR(G719C);;G719C;P00533;H.sapiens;Inhibition;percent Inhibition;10;MicroMolar;0
Small molecule;HMSL10094;HMSL10094;XMD8-92;O=C1N(C)C2=C(N=C(NC3=C(OCC)C=C(N4CCC(O)CC4)C=C3)N=C2)N(C)C5=CC=CC=C51;;474.550000000;C26H30N6O3;Protein;EGFR(G719S);;G719S;P00533;H.sapiens;Inhibition;percent Inhibition;10;MicroMolar;0
Small molecule;HMSL10094;HMSL10094;XMD8-92;O=C1N(C)C2=C(N=C(NC3=C(OCC)C=C(N4CCC(O)CC4)C=C3)N=C2)N(C)C5=CC=CC=C51;;474.550000000;C26H30N6O3;Protein;EGFR(L747-E749del, A750P);;L747-E749del, A750P;P00533;H.sapiens;Inhibition;percent Inhibition;10;MicroMolar;0
Small molecule;HMSL10094;HMSL10094;XMD8-92;O=C1N(C)C2=C(N=C(NC3=C(OCC)C=C(N4CCC(O)CC4)C=C3)N=C2)N(C)C5=CC=CC=C51;;474.550000000;C26H30N6O3;Protein;EGFR(L747-S752del, P753S);;L747-S752del, P753S;P00533;H.sapiens;Inhibition;percent Inhibition;10;MicroMolar;0
Small molecule;HMSL10094;HMSL10094;XMD8-92;O=C1N(C)C2=C(N=C(NC3=C(OCC)C=C(N4CCC(O)CC4)C=C3)N=C2)N(C)C5=CC=CC=C51;;474.550000000;C26H30N6O3;Protein;EGFR(L747-T751del,Sins);;L747-T751del,Sins;P00533;H.sapiens;Inhibition;percent Inhibition;10;MicroMolar;0
Small molecule;HMSL10094;HMSL10094;XMD8-92;O=C1N(C)C2=C(N=C(NC3=C(OCC)C=C(N4CCC(O)CC4)C=C3)N=C2)N(C)C5=CC=CC=C51;;474.550000000;C26H30N6O3;Protein;EGFR(L858R);;L858R;P00533;H.sapiens;Inhibition;percent Inhibition;10;MicroMolar;0
Small molecule;HMSL10094;HMSL10094;XMD8-92;O=C1N(C)C2=C(N=C(NC3=C(OCC)C=C(N4CCC(O)CC4)C=C3)N=C2)N(C)C5=CC=CC=C51;;474.550000000;C26H30N6O3;Protein;EGFR(L858R,T790M);;L858R,T790M;P00533;H.sapiens;Inhibition;percent Inhibition;10;MicroMolar;0
Small molecule;HMSL10094;HMSL10094;XMD8-92;O=C1N(C)C2=C(N=C(NC3=C(OCC)C=C(N4CCC(O)CC4)C=C3)N=C2)N(C)C5=CC=CC=C51;;474.550000000;C26H30N6O3;Protein;EGFR(L861Q);;L861Q;P00533;H.sapiens;Inhibition;percent Inhibition;10;MicroMolar;0
Small molecule;HMSL10094;HMSL10094;XMD8-92;O=C1N(C)C2=C(N=C(NC3=C(OCC)C=C(N4CCC(O)CC4)C=C3)N=C2)N(C)C5=CC=CC=C51;;474.550000000;C26H30N6O3;Protein;EGFR(S752-I759del);;S752-I759del;P00533;H.sapiens;Inhibition;percent Inhibition;10;MicroMolar;0
Small molecule;HMSL10094;HMSL10094;XMD8-92;O=C1N(C)C2=C(N=C(NC3=C(OCC)C=C(N4CCC(O)CC4)C=C3)N=C2)N(C)C5=CC=CC=C51;;474.550000000;C26H30N6O3;Protein;EPHA1;;;P21709;H.sapiens;Inhibition;percent Inhibition;10;MicroMolar;0
Small molecule;HMSL10094;HMSL10094;XMD8-92;O=C1N(C)C2=C(N=C(NC3=C(OCC)C=C(N4CCC(O)CC4)C=C3)N=C2)N(C)C5=CC=CC=C51;;474.550000000;C26H30N6O3;Protein;EPHA2;;;P29317;H.sapiens;Inhibition;percent Inhibition;10;MicroMolar;0
Small molecule;HMSL10094;HMSL10094;XMD8-92;O=C1N(C)C2=C(N=C(NC3=C(OCC)C=C(N4CCC(O)CC4)C=C3)N=C2)N(C)C5=CC=CC=C51;;474.550000000;C26H30N6O3;Protein;EPHA3;;;P29320;H.sapiens;Inhibition;percent Inhibition;10;MicroMolar;0
Small molecule;HMSL10094;HMSL10094;XMD8-92;O=C1N(C)C2=C(N=C(NC3=C(OCC)C=C(N4CCC(O)CC4)C=C3)N=C2)N(C)C5=CC=CC=C51;;474.550000000;C26H30N6O3;Protein;EPHA4;;;P54764;H.sapiens;Inhibition;percent Inhibition;10;MicroMolar;0
Small molecule;HMSL10094;HMSL10094;XMD8-92;O=C1N(C)C2=C(N=C(NC3=C(OCC)C=C(N4CCC(O)CC4)C=C3)N=C2)N(C)C5=CC=CC=C51;;474.550000000;C26H30N6O3;Protein;EPHA5;;;P54756;H.sapiens;Inhibition;percent Inhibition;10;MicroMolar;0
Small molecule;HMSL10094;HMSL10094;XMD8-92;O=C1N(C)C2=C(N=C(NC3=C(OCC)C=C(N4CCC(O)CC4)C=C3)N=C2)N(C)C5=CC=CC=C51;;474.550000000;C26H30N6O3;Protein;EPHA6;;;B3KS12;H.sapiens;Inhibition;percent Inhibition;10;MicroMolar;0
Small molecule;HMSL10094;HMSL10094;XMD8-92;O=C1N(C)C2=C(N=C(NC3=C(OCC)C=C(N4CCC(O)CC4)C=C3)N=C2)N(C)C5=CC=CC=C51;;474.550000000;C26H30N6O3;Protein;EPHA7;;;Q15375;H.sapiens;Inhibition;percent Inhibition;10;MicroMolar;0
Small molecule;HMSL10094;HMSL10094;XMD8-92;O=C1N(C)C2=C(N=C(NC3=C(OCC)C=C(N4CCC(O)CC4)C=C3)N=C2)N(C)C5=CC=CC=C51;;474.550000000;C26H30N6O3;Protein;EPHA8;;;P29322;H.sapiens;Inhibition;percent Inhibition;10;MicroMolar;0
Small molecule;HMSL10094;HMSL10094;XMD8-92;O=C1N(C)C2=C(N=C(NC3=C(OCC)C=C(N4CCC(O)CC4)C=C3)N=C2)N(C)C5=CC=CC=C51;;474.550000000;C26H30N6O3;Protein;EPHB1;;;P54762;H.sapiens;Inhibition;percent Inhibition;10;MicroMolar;0
Small molecule;HMSL10094;HMSL10094;XMD8-92;O=C1N(C)C2=C(N=C(NC3=C(OCC)C=C(N4CCC(O)CC4)C=C3)N=C2)N(C)C5=CC=CC=C51;;474.550000000;C26H30N6O3;Protein;EPHB2;;;P29323;H.sapiens;Inhibition;percent Inhibition;10;MicroMolar;0
Small molecule;HMSL10094;HMSL10094;XMD8-92;O=C1N(C)C2=C(N=C(NC3=C(OCC)C=C(N4CCC(O)CC4)C=C3)N=C2)N(C)C5=CC=CC=C51;;474.550000000;C26H30N6O3;Protein;EPHB3;;;P54753;H.sapiens;Inhibition;percent Inhibition;10;MicroMolar;0
Small molecule;HMSL10094;HMSL10094;XMD8-92;O=C1N(C)C2=C(N=C(NC3=C(OCC)C=C(N4CCC(O)CC4)C=C3)N=C2)N(C)C5=CC=CC=C51;;474.550000000;C26H30N6O3;Protein;EPHB4;;;P54760;H.sapiens;Inhibition;percent Inhibition;10;MicroMolar;0
Small molecule;HMSL10094;HMSL10094;XMD8-92;O=C1N(C)C2=C(N=C(NC3=C(OCC)C=C(N4CCC(O)CC4)C=C3)N=C2)N(C)C5=CC=CC=C51;;474.550000000;C26H30N6O3;Protein;EPHB6;;;O15197;H.sapiens;Inhibition;percent Inhibition;10;MicroMolar;0
Small molecule;HMSL10094;HMSL10094;XMD8-92;O=C1N(C)C2=C(N=C(NC3=C(OCC)C=C(N4CCC(O)CC4)C=C3)N=C2)N(C)C5=CC=CC=C51;;474.550000000;C26H30N6O3;Protein;ERBB2;;;P04626;H.sapiens;Inhibition;percent Inhibition;10;MicroMolar;0
Small molecule;HMSL10094;HMSL10094;XMD8-92;O=C1N(C)C2=C(N=C(NC3=C(OCC)C=C(N4CCC(O)CC4)C=C3)N=C2)N(C)C5=CC=CC=C51;;474.550000000;C26H30N6O3;Protein;ERBB3;;;P21860;H.sapiens;Inhibition;percent Inhibition;10;MicroMolar;0
Small molecule;HMSL10094;HMSL10094;XMD8-92;O=C1N(C)C2=C(N=C(NC3=C(OCC)C=C(N4CCC(O)CC4)C=C3)N=C2)N(C)C5=CC=CC=C51;;474.550000000;C26H30N6O3;Protein;ERBB4;;;Q15303;H.sapiens;Inhibition;percent Inhibition;10;MicroMolar;0
Small molecule;HMSL10094;HMSL10094;XMD8-92;O=C1N(C)C2=C(N=C(NC3=C(OCC)C=C(N4CCC(O)CC4)C=C3)N=C2)N(C)C5=CC=CC=C51;;474.550000000;C26H30N6O3;Protein;ERK1;;;P27361;H.sapiens;Inhibition;percent Inhibition;10;MicroMolar;0
Small molecule;HMSL10094;HMSL10094;XMD8-92;O=C1N(C)C2=C(N=C(NC3=C(OCC)C=C(N4CCC(O)CC4)C=C3)N=C2)N(C)C5=CC=CC=C51;;474.550000000;C26H30N6O3;Protein;ERK2;;;P28482;H.sapiens;Inhibition;percent Inhibition;10;MicroMolar;0
Small molecule;HMSL10094;HMSL10094;XMD8-92;O=C1N(C)C2=C(N=C(NC3=C(OCC)C=C(N4CCC(O)CC4)C=C3)N=C2)N(C)C5=CC=CC=C51;;474.550000000;C26H30N6O3;Protein;ERK3;;;Q16659;H.sapiens;Inhibition;percent Inhibition;10;MicroMolar;0
Small molecule;HMSL10094;HMSL10094;XMD8-92;O=C1N(C)C2=C(N=C(NC3=C(OCC)C=C(N4CCC(O)CC4)C=C3)N=C2)N(C)C5=CC=CC=C51;;474.550000000;C26H30N6O3;Protein;ERK4;;;P31152;H.sapiens;Inhibition;percent Inhibition;10;MicroMolar;0
Small molecule;HMSL10094;HMSL10094;XMD8-92;O=C1N(C)C2=C(N=C(NC3=C(OCC)C=C(N4CCC(O)CC4)C=C3)N=C2)N(C)C5=CC=CC=C51;;474.550000000;C26H30N6O3;Protein;ERK5;;;Q13164;H.sapiens;Inhibition;percent Inhibition;10;MicroMolar;100
Small molecule;HMSL10094;HMSL10094;XMD8-92;O=C1N(C)C2=C(N=C(NC3=C(OCC)C=C(N4CCC(O)CC4)C=C3)N=C2)N(C)C5=CC=CC=C51;;474.550000000;C26H30N6O3;Protein;ERK8;;;Q8TD08;H.sapiens;Inhibition;percent Inhibition;10;MicroMolar;0
Small molecule;HMSL10094;HMSL10094;XMD8-92;O=C1N(C)C2=C(N=C(NC3=C(OCC)C=C(N4CCC(O)CC4)C=C3)N=C2)N(C)C5=CC=CC=C51;;474.550000000;C26H30N6O3;Protein;ERN1;;;O75460;H.sapiens;Inhibition;percent Inhibition;10;MicroMolar;0
Small molecule;HMSL10094;HMSL10094;XMD8-92;O=C1N(C)C2=C(N=C(NC3=C(OCC)C=C(N4CCC(O)CC4)C=C3)N=C2)N(C)C5=CC=CC=C51;;474.550000000;C26H30N6O3;Protein;FAK;;;Q05397;H.sapiens;Inhibition;percent Inhibition;10;MicroMolar;0
Small molecule;HMSL10094;HMSL10094;XMD8-92;O=C1N(C)C2=C(N=C(NC3=C(OCC)C=C(N4CCC(O)CC4)C=C3)N=C2)N(C)C5=CC=CC=C51;;474.550000000;C26H30N6O3;Protein;FER;;;P16591;H.sapiens;Inhibition;percent Inhibition;10;MicroMolar;0
Small molecule;HMSL10094;HMSL10094;XMD8-92;O=C1N(C)C2=C(N=C(NC3=C(OCC)C=C(N4CCC(O)CC4)C=C3)N=C2)N(C)C5=CC=CC=C51;;474.550000000;C26H30N6O3;Protein;FES;;;P07332;H.sapiens;Inhibition;percent Inhibition;10;MicroMolar;0
Small molecule;HMSL10094;HMSL10094;XMD8-92;O=C1N(C)C2=C(N=C(NC3=C(OCC)C=C(N4CCC(O)CC4)C=C3)N=C2)N(C)C5=CC=CC=C51;;474.550000000;C26H30N6O3;Protein;FGFR1;;;P11362;H.sapiens;Inhibition;percent Inhibition;10;MicroMolar;0
Small molecule;HMSL10094;HMSL10094;XMD8-92;O=C1N(C)C2=C(N=C(NC3=C(OCC)C=C(N4CCC(O)CC4)C=C3)N=C2)N(C)C5=CC=CC=C51;;474.550000000;C26H30N6O3;Protein;FGFR2;;;P21802;H.sapiens;Inhibition;percent Inhibition;10;MicroMolar;0
Small molecule;HMSL10094;HMSL10094;XMD8-92;O=C1N(C)C2=C(N=C(NC3=C(OCC)C=C(N4CCC(O)CC4)C=C3)N=C2)N(C)C5=CC=CC=C51;;474.550000000;C26H30N6O3;Protein;FGFR3;;;P22607;H.sapiens;Inhibition;percent Inhibition;10;MicroMolar;0
Small molecule;HMSL10094;HMSL10094;XMD8-92;O=C1N(C)C2=C(N=C(NC3=C(OCC)C=C(N4CCC(O)CC4)C=C3)N=C2)N(C)C5=CC=CC=C51;;474.550000000;C26H30N6O3;Protein;FGFR3(G697C);;G697C;P22607;H.sapiens;Inhibition;percent Inhibition;10;MicroMolar;0
Small molecule;HMSL10094;HMSL10094;XMD8-92;O=C1N(C)C2=C(N=C(NC3=C(OCC)C=C(N4CCC(O)CC4)C=C3)N=C2)N(C)C5=CC=CC=C51;;474.550000000;C26H30N6O3;Protein;FGFR4;;;P22455;H.sapiens;Inhibition;percent Inhibition;10;MicroMolar;0
Small molecule;HMSL10094;HMSL10094;XMD8-92;O=C1N(C)C2=C(N=C(NC3=C(OCC)C=C(N4CCC(O)CC4)C=C3)N=C2)N(C)C5=CC=CC=C51;;474.550000000;C26H30N6O3;Protein;FGR;;;P09769;H.sapiens;Inhibition;percent Inhibition;10;MicroMolar;0
Small molecule;HMSL10094;HMSL10094;XMD8-92;O=C1N(C)C2=C(N=C(NC3=C(OCC)C=C(N4CCC(O)CC4)C=C3)N=C2)N(C)C5=CC=CC=C51;;474.550000000;C26H30N6O3;Protein;FLT1;;;P17948;H.sapiens;Inhibition;percent Inhibition;10;MicroMolar;0
Small molecule;HMSL10094;HMSL10094;XMD8-92;O=C1N(C)C2=C(N=C(NC3=C(OCC)C=C(N4CCC(O)CC4)C=C3)N=C2)N(C)C5=CC=CC=C51;;474.550000000;C26H30N6O3;Protein;FLT3;;;P36888;H.sapiens;Inhibition;percent Inhibition;10;MicroMolar;0
Small molecule;HMSL10094;HMSL10094;XMD8-92;O=C1N(C)C2=C(N=C(NC3=C(OCC)C=C(N4CCC(O)CC4)C=C3)N=C2)N(C)C5=CC=CC=C51;;474.550000000;C26H30N6O3;Protein;FLT3(D835H);;D835H;P36888;H.sapiens;Inhibition;percent Inhibition;10;MicroMolar;0
Small molecule;HMSL10094;HMSL10094;XMD8-92;O=C1N(C)C2=C(N=C(NC3=C(OCC)C=C(N4CCC(O)CC4)C=C3)N=C2)N(C)C5=CC=CC=C51;;474.550000000;C26H30N6O3;Protein;FLT3(D835Y);;D835Y;P36888;H.sapiens;Inhibition;percent Inhibition;10;MicroMolar;0
Small molecule;HMSL10094;HMSL10094;XMD8-92;O=C1N(C)C2=C(N=C(NC3=C(OCC)C=C(N4CCC(O)CC4)C=C3)N=C2)N(C)C5=CC=CC=C51;;474.550000000;C26H30N6O3;Protein;FLT3(K663Q);;K663Q;P36888;H.sapiens;Inhibition;percent Inhibition;10;MicroMolar;0
Small molecule;HMSL10094;HMSL10094;XMD8-92;O=C1N(C)C2=C(N=C(NC3=C(OCC)C=C(N4CCC(O)CC4)C=C3)N=C2)N(C)C5=CC=CC=C51;;474.550000000;C26H30N6O3;Protein;FLT3(N841I);;N841I;P36888;H.sapiens;Inhibition;percent Inhibition;10;MicroMolar;0
Small molecule;HMSL10094;HMSL10094;XMD8-92;O=C1N(C)C2=C(N=C(NC3=C(OCC)C=C(N4CCC(O)CC4)C=C3)N=C2)N(C)C5=CC=CC=C51;;474.550000000;C26H30N6O3;Protein;FRK;;;P42685;H.sapiens;Inhibition;percent Inhibition;10;MicroMolar;0
Small molecule;HMSL10094;HMSL10094;XMD8-92;O=C1N(C)C2=C(N=C(NC3=C(OCC)C=C(N4CCC(O)CC4)C=C3)N=C2)N(C)C5=CC=CC=C51;;474.550000000;C26H30N6O3;Protein;FYN;;;P06241;H.sapiens;Inhibition;percent Inhibition;10;MicroMolar;0
Small molecule;HMSL10094;HMSL10094;XMD8-92;O=C1N(C)C2=C(N=C(NC3=C(OCC)C=C(N4CCC(O)CC4)C=C3)N=C2)N(C)C5=CC=CC=C51;;474.550000000;C26H30N6O3;Protein;GAK;;;O14976;H.sapiens;Inhibition;percent Inhibition;10;MicroMolar;69
Small molecule;HMSL10094;HMSL10094;XMD8-92;O=C1N(C)C2=C(N=C(NC3=C(OCC)C=C(N4CCC(O)CC4)C=C3)N=C2)N(C)C5=CC=CC=C51;;474.550000000;C26H30N6O3;Protein;GCN2(Kin.Dom.2,S808G);;;Q9P2K8;H.sapiens;Inhibition;percent Inhibition;10;MicroMolar;0
Small molecule;HMSL10094;HMSL10094;XMD8-92;O=C1N(C)C2=C(N=C(NC3=C(OCC)C=C(N4CCC(O)CC4)C=C3)N=C2)N(C)C5=CC=CC=C51;;474.550000000;C26H30N6O3;Protein;GRK1;;;Q15835;H.sapiens;Inhibition;percent Inhibition;10;MicroMolar;0
Small molecule;HMSL10094;HMSL10094;XMD8-92;O=C1N(C)C2=C(N=C(NC3=C(OCC)C=C(N4CCC(O)CC4)C=C3)N=C2)N(C)C5=CC=CC=C51;;474.550000000;C26H30N6O3;Protein;GRK4;;;P32298;H.sapiens;Inhibition;percent Inhibition;10;MicroMolar;0
Small molecule;HMSL10094;HMSL10094;XMD8-92;O=C1N(C)C2=C(N=C(NC3=C(OCC)C=C(N4CCC(O)CC4)C=C3)N=C2)N(C)C5=CC=CC=C51;;474.550000000;C26H30N6O3;Protein;GRK7;;;Q8WTQ7;H.sapiens;Inhibition;percent Inhibition;10;MicroMolar;0
Small molecule;HMSL10094;HMSL10094;XMD8-92;O=C1N(C)C2=C(N=C(NC3=C(OCC)C=C(N4CCC(O)CC4)C=C3)N=C2)N(C)C5=CC=CC=C51;;474.550000000;C26H30N6O3;Protein;GSK3A;;;P49840;H.sapiens;Inhibition;percent Inhibition;10;MicroMolar;0
Small molecule;HMSL10094;HMSL10094;XMD8-92;O=C1N(C)C2=C(N=C(NC3=C(OCC)C=C(N4CCC(O)CC4)C=C3)N=C2)N(C)C5=CC=CC=C51;;474.550000000;C26H30N6O3;Protein;GSK3B;;;P49841;H.sapiens;Inhibition;percent Inhibition;10;MicroMolar;0
Small molecule;HMSL10094;HMSL10094;XMD8-92;O=C1N(C)C2=C(N=C(NC3=C(OCC)C=C(N4CCC(O)CC4)C=C3)N=C2)N(C)C5=CC=CC=C51;;474.550000000;C26H30N6O3;Protein;HCK;;;P08631;H.sapiens;Inhibition;percent Inhibition;10;MicroMolar;0
Small molecule;HMSL10094;HMSL10094;XMD8-92;O=C1N(C)C2=C(N=C(NC3=C(OCC)C=C(N4CCC(O)CC4)C=C3)N=C2)N(C)C5=CC=CC=C51;;474.550000000;C26H30N6O3;Protein;HIPK1;;;Q86Z02;H.sapiens;Inhibition;percent Inhibition;10;MicroMolar;0
Small molecule;HMSL10094;HMSL10094;XMD8-92;O=C1N(C)C2=C(N=C(NC3=C(OCC)C=C(N4CCC(O)CC4)C=C3)N=C2)N(C)C5=CC=CC=C51;;474.550000000;C26H30N6O3;Protein;HIPK2;;;Q9H2X6;H.sapiens;Inhibition;percent Inhibition;10;MicroMolar;0
Small molecule;HMSL10094;HMSL10094;XMD8-92;O=C1N(C)C2=C(N=C(NC3=C(OCC)C=C(N4CCC(O)CC4)C=C3)N=C2)N(C)C5=CC=CC=C51;;474.550000000;C26H30N6O3;Protein;HIPK3;;;Q9H422;H.sapiens;Inhibition;percent Inhibition;10;MicroMolar;0
Small molecule;HMSL10094;HMSL10094;XMD8-92;O=C1N(C)C2=C(N=C(NC3=C(OCC)C=C(N4CCC(O)CC4)C=C3)N=C2)N(C)C5=CC=CC=C51;;474.550000000;C26H30N6O3;Protein;HIPK4;;;Q8NE63;H.sapiens;Inhibition;percent Inhibition;10;MicroMolar;0
Small molecule;HMSL10094;HMSL10094;XMD8-92;O=C1N(C)C2=C(N=C(NC3=C(OCC)C=C(N4CCC(O)CC4)C=C3)N=C2)N(C)C5=CC=CC=C51;;474.550000000;C26H30N6O3;Protein;HPK1;;;Q92918;H.sapiens;Inhibition;percent Inhibition;10;MicroMolar;0
Small molecule;HMSL10094;HMSL10094;XMD8-92;O=C1N(C)C2=C(N=C(NC3=C(OCC)C=C(N4CCC(O)CC4)C=C3)N=C2)N(C)C5=CC=CC=C51;;474.550000000;C26H30N6O3;Protein;HUNK;;;P57058;H.sapiens;Inhibition;percent Inhibition;10;MicroMolar;0
Small molecule;HMSL10094;HMSL10094;XMD8-92;O=C1N(C)C2=C(N=C(NC3=C(OCC)C=C(N4CCC(O)CC4)C=C3)N=C2)N(C)C5=CC=CC=C51;;474.550000000;C26H30N6O3;Protein;ICK;;;Q9UPZ9;H.sapiens;Inhibition;percent Inhibition;10;MicroMolar;0
Small molecule;HMSL10094;HMSL10094;XMD8-92;O=C1N(C)C2=C(N=C(NC3=C(OCC)C=C(N4CCC(O)CC4)C=C3)N=C2)N(C)C5=CC=CC=C51;;474.550000000;C26H30N6O3;Protein;IGF1R;;;P08069;H.sapiens;Inhibition;percent Inhibition;10;MicroMolar;0
Small molecule;HMSL10094;HMSL10094;XMD8-92;O=C1N(C)C2=C(N=C(NC3=C(OCC)C=C(N4CCC(O)CC4)C=C3)N=C2)N(C)C5=CC=CC=C51;;474.550000000;C26H30N6O3;Protein;IKK-alpha;;;O15111;H.sapiens;Inhibition;percent Inhibition;10;MicroMolar;0
Small molecule;HMSL10094;HMSL10094;XMD8-92;O=C1N(C)C2=C(N=C(NC3=C(OCC)C=C(N4CCC(O)CC4)C=C3)N=C2)N(C)C5=CC=CC=C51;;474.550000000;C26H30N6O3;Protein;IKK-beta;;;O14920;H.sapiens;Inhibition;percent Inhibition;10;MicroMolar;0
Small molecule;HMSL10094;HMSL10094;XMD8-92;O=C1N(C)C2=C(N=C(NC3=C(OCC)C=C(N4CCC(O)CC4)C=C3)N=C2)N(C)C5=CC=CC=C51;;474.550000000;C26H30N6O3;Protein;IKK-epsilon;;;Q14164;H.sapiens;Inhibition;percent Inhibition;10;MicroMolar;0
Small molecule;HMSL10094;HMSL10094;XMD8-92;O=C1N(C)C2=C(N=C(NC3=C(OCC)C=C(N4CCC(O)CC4)C=C3)N=C2)N(C)C5=CC=CC=C51;;474.550000000;C26H30N6O3;Protein;INSR;;;P06213;H.sapiens;Inhibition;percent Inhibition;10;MicroMolar;0
Small molecule;HMSL10094;HMSL10094;XMD8-92;O=C1N(C)C2=C(N=C(NC3=C(OCC)C=C(N4CCC(O)CC4)C=C3)N=C2)N(C)C5=CC=CC=C51;;474.550000000;C26H30N6O3;Protein;ACVRL1;null;null;P37023;null;Inhibition;percent Inhibition;10;MicroMolar;0
Small molecule;HMSL10094;HMSL10094;XMD8-92;O=C1N(C)C2=C(N=C(NC3=C(OCC)C=C(N4CCC(O)CC4)C=C3)N=C2)N(C)C5=CC=CC=C51;;474.550000000;C26H30N6O3;Protein;AMPK-alpha1;null;null;Q13131;null;Inhibition;percent Inhibition;10;MicroMolar;0
Small molecule;HMSL10094;HMSL10094;XMD8-92;O=C1N(C)C2=C(N=C(NC3=C(OCC)C=C(N4CCC(O)CC4)C=C3)N=C2)N(C)C5=CC=CC=C51;;474.550000000;C26H30N6O3;Protein;AURKB;null;null;Q96GD4;null;Inhibition;percent Inhibition;10;MicroMolar;0
Small molecule;HMSL10094;HMSL10094;XMD8-92;O=C1N(C)C2=C(N=C(NC3=C(OCC)C=C(N4CCC(O)CC4)C=C3)N=C2)N(C)C5=CC=CC=C51;;474.550000000;C26H30N6O3;Protein;AURKC;null;null;Q9UQB9;null;Inhibition;percent Inhibition;10;MicroMolar;0
Small molecule;HMSL10094;HMSL10094;XMD8-92;O=C1N(C)C2=C(N=C(NC3=C(OCC)C=C(N4CCC(O)CC4)C=C3)N=C2)N(C)C5=CC=CC=C51;;474.550000000;C26H30N6O3;Protein;BRSK2;null;null;Q8IWQ3;null;Inhibition;percent Inhibition;10;MicroMolar;0
Small molecule;HMSL10094;HMSL10094;XMD8-92;O=C1N(C)C2=C(N=C(NC3=C(OCC)C=C(N4CCC(O)CC4)C=C3)N=C2)N(C)C5=CC=CC=C51;;474.550000000;C26H30N6O3;Protein;CAMK2D;null;null;Q13557;null;Inhibition;percent Inhibition;10;MicroMolar;0
Small molecule;HMSL10094;HMSL10094;XMD8-92;O=C1N(C)C2=C(N=C(NC3=C(OCC)C=C(N4CCC(O)CC4)C=C3)N=C2)N(C)C5=CC=CC=C51;;474.550000000;C26H30N6O3;Protein;CDC2L2;null;null;Q9UQ88;null;Inhibition;percent Inhibition;10;MicroMolar;0
Small molecule;HMSL10094;HMSL10094;XMD8-92;O=C1N(C)C2=C(N=C(NC3=C(OCC)C=C(N4CCC(O)CC4)C=C3)N=C2)N(C)C5=CC=CC=C51;;474.550000000;C26H30N6O3;Protein;CLK1;null;null;P49759;null;Inhibition;percent Inhibition;10;MicroMolar;0
Small molecule;HMSL10094;HMSL10094;XMD8-92;O=C1N(C)C2=C(N=C(NC3=C(OCC)C=C(N4CCC(O)CC4)C=C3)N=C2)N(C)C5=CC=CC=C51;;474.550000000;C26H30N6O3;Protein;CSNK1A1L;null;null;Q8N752;null;Inhibition;percent Inhibition;10;MicroMolar;0
Small molecule;HMSL10094;HMSL10094;XMD8-92;O=C1N(C)C2=C(N=C(NC3=C(OCC)C=C(N4CCC(O)CC4)C=C3)N=C2)N(C)C5=CC=CC=C51;;474.550000000;C26H30N6O3;Protein;CSNK1G2;null;null;P78368;null;Inhibition;percent Inhibition;10;MicroMolar;0
Small molecule;HMSL10094;HMSL10094;XMD8-92;O=C1N(C)C2=C(N=C(NC3=C(OCC)C=C(N4CCC(O)CC4)C=C3)N=C2)N(C)C5=CC=CC=C51;;474.550000000;C26H30N6O3;Protein;DCAMKL2;null;null;Q8N568;null;Inhibition;percent Inhibition;10;MicroMolar;99.35
Small molecule;HMSL10094;HMSL10094;XMD8-92;O=C1N(C)C2=C(N=C(NC3=C(OCC)C=C(N4CCC(O)CC4)C=C3)N=C2)N(C)C5=CC=CC=C51;;474.550000000;C26H30N6O3;Protein;DDR2;null;null;Q16832;null;Inhibition;percent Inhibition;10;MicroMolar;0
Small molecule;HMSL10094;HMSL10094;XMD8-92;O=C1N(C)C2=C(N=C(NC3=C(OCC)C=C(N4CCC(O)CC4)C=C3)N=C2)N(C)C5=CC=CC=C51;;474.550000000;C26H30N6O3;Protein;DLK;null;null;Q12852;null;Inhibition;percent Inhibition;10;MicroMolar;0
Small molecule;HMSL10094;HMSL10094;XMD8-92;O=C1N(C)C2=C(N=C(NC3=C(OCC)C=C(N4CCC(O)CC4)C=C3)N=C2)N(C)C5=CC=CC=C51;;474.550000000;C26H30N6O3;Protein;DRAK1;null;null;Q9UEE5;null;Inhibition;percent Inhibition;10;MicroMolar;0
Small molecule;HMSL10094;HMSL10094;XMD8-92;O=C1N(C)C2=C(N=C(NC3=C(OCC)C=C(N4CCC(O)CC4)C=C3)N=C2)N(C)C5=CC=CC=C51;;474.550000000;C26H30N6O3;Protein;DYRK1A;null;null;Q13627;null;Inhibition;percent Inhibition;10;MicroMolar;0
Small molecule;HMSL10094;HMSL10094;XMD8-92;O=C1N(C)C2=C(N=C(NC3=C(OCC)C=C(N4CCC(O)CC4)C=C3)N=C2)N(C)C5=CC=CC=C51;;474.550000000;C26H30N6O3;Protein;FLT3(ITD);null;null;P36888;null;Inhibition;percent Inhibition;10;MicroMolar;0
Small molecule;HMSL10094;HMSL10094;XMD8-92;O=C1N(C)C2=C(N=C(NC3=C(OCC)C=C(N4CCC(O)CC4)C=C3)N=C2)N(C)C5=CC=CC=C51;;474.550000000;C26H30N6O3;Protein;FLT4;null;null;P35916;null;Inhibition;percent Inhibition;10;MicroMolar;0
Small molecule;HMSL10094;HMSL10094;XMD8-92;O=C1N(C)C2=C(N=C(NC3=C(OCC)C=C(N4CCC(O)CC4)C=C3)N=C2)N(C)C5=CC=CC=C51;;474.550000000;C26H30N6O3;Protein;ABL1;null;null;P00519;null;Inhibition;percent Inhibition;10;MicroMolar;0
Small molecule;HMSL10094;HMSL10094;XMD8-92;O=C1N(C)C2=C(N=C(NC3=C(OCC)C=C(N4CCC(O)CC4)C=C3)N=C2)N(C)C5=CC=CC=C51;;474.550000000;C26H30N6O3;Protein;ABL1(E255K);null;null;P00519;null;Inhibition;percent Inhibition;10;MicroMolar;0
Small molecule;HMSL10094;HMSL10094;XMD8-92;O=C1N(C)C2=C(N=C(NC3=C(OCC)C=C(N4CCC(O)CC4)C=C3)N=C2)N(C)C5=CC=CC=C51;;474.550000000;C26H30N6O3;Protein;ABL1(F317I);null;null;P00519;null;Inhibition;percent Inhibition;10;MicroMolar;70
Small molecule;HMSL10094;HMSL10094;XMD8-92;O=C1N(C)C2=C(N=C(NC3=C(OCC)C=C(N4CCC(O)CC4)C=C3)N=C2)N(C)C5=CC=CC=C51;;474.550000000;C26H30N6O3;Protein;ABL1(F317L);null;null;P00519;null;Inhibition;percent Inhibition;10;MicroMolar;0
Small molecule;HMSL10094;HMSL10094;XMD8-92;O=C1N(C)C2=C(N=C(NC3=C(OCC)C=C(N4CCC(O)CC4)C=C3)N=C2)N(C)C5=CC=CC=C51;;474.550000000;C26H30N6O3;Protein;ABL1(H396P);null;null;P00519;null;Inhibition;percent Inhibition;10;MicroMolar;0
Small molecule;HMSL10094;HMSL10094;XMD8-92;O=C1N(C)C2=C(N=C(NC3=C(OCC)C=C(N4CCC(O)CC4)C=C3)N=C2)N(C)C5=CC=CC=C51;;474.550000000;C26H30N6O3;Protein;ABL1(M351T);null;null;P00519;null;Inhibition;percent Inhibition;10;MicroMolar;0
Small molecule;HMSL10094;HMSL10094;XMD8-92;O=C1N(C)C2=C(N=C(NC3=C(OCC)C=C(N4CCC(O)CC4)C=C3)N=C2)N(C)C5=CC=CC=C51;;474.550000000;C26H30N6O3;Protein;ABL1(Q252H);null;null;P00519;null;Inhibition;percent Inhibition;10;MicroMolar;0
Small molecule;HMSL10094;HMSL10094;XMD8-92;O=C1N(C)C2=C(N=C(NC3=C(OCC)C=C(N4CCC(O)CC4)C=C3)N=C2)N(C)C5=CC=CC=C51;;474.550000000;C26H30N6O3;Protein;ABL1(T315I);null;null;P00519;null;Inhibition;percent Inhibition;10;MicroMolar;0
Small molecule;HMSL10094;HMSL10094;XMD8-92;O=C1N(C)C2=C(N=C(NC3=C(OCC)C=C(N4CCC(O)CC4)C=C3)N=C2)N(C)C5=CC=CC=C51;;474.550000000;C26H30N6O3;Protein;ABL1(Y253F);null;null;P00519;null;Inhibition;percent Inhibition;10;MicroMolar;0
Small molecule;HMSL10094;HMSL10094;XMD8-92;O=C1N(C)C2=C(N=C(NC3=C(OCC)C=C(N4CCC(O)CC4)C=C3)N=C2)N(C)C5=CC=CC=C51;;474.550000000;C26H30N6O3;Protein;INSRR;;;P14616;H.sapiens;Inhibition;percent Inhibition;10;MicroMolar;0
Small molecule;HMSL10094;HMSL10094;XMD8-92;O=C1N(C)C2=C(N=C(NC3=C(OCC)C=C(N4CCC(O)CC4)C=C3)N=C2)N(C)C5=CC=CC=C51;;474.550000000;C26H30N6O3;Protein;IRAK1;;;P51617;H.sapiens;Inhibition;percent Inhibition;10;MicroMolar;0
Small molecule;HMSL10094;HMSL10094;XMD8-92;O=C1N(C)C2=C(N=C(NC3=C(OCC)C=C(N4CCC(O)CC4)C=C3)N=C2)N(C)C5=CC=CC=C51;;474.550000000;C26H30N6O3;Protein;ITK;;;Q08881;H.sapiens;Inhibition;percent Inhibition;10;MicroMolar;0
Small molecule;HMSL10094;HMSL10094;XMD8-92;O=C1N(C)C2=C(N=C(NC3=C(OCC)C=C(N4CCC(O)CC4)C=C3)N=C2)N(C)C5=CC=CC=C51;;474.550000000;C26H30N6O3;Protein;JAK1(JH1domain-catalytic);;;P23458;H.sapiens;Inhibition;percent Inhibition;10;MicroMolar;0
Small molecule;HMSL10094;HMSL10094;XMD8-92;O=C1N(C)C2=C(N=C(NC3=C(OCC)C=C(N4CCC(O)CC4)C=C3)N=C2)N(C)C5=CC=CC=C51;;474.550000000;C26H30N6O3;Protein;JAK2(JH1domain-catalytic);;;O60674;H.sapiens;Inhibition;percent Inhibition;10;MicroMolar;0
Small molecule;HMSL10094;HMSL10094;XMD8-92;O=C1N(C)C2=C(N=C(NC3=C(OCC)C=C(N4CCC(O)CC4)C=C3)N=C2)N(C)C5=CC=CC=C51;;474.550000000;C26H30N6O3;Protein;JAK3(JH1domain-catalytic);;;P52333;H.sapiens;Inhibition;percent Inhibition;10;MicroMolar;0
Small molecule;HMSL10094;HMSL10094;XMD8-92;O=C1N(C)C2=C(N=C(NC3=C(OCC)C=C(N4CCC(O)CC4)C=C3)N=C2)N(C)C5=CC=CC=C51;;474.550000000;C26H30N6O3;Protein;JNK1;;;P45983;H.sapiens;Inhibition;percent Inhibition;10;MicroMolar;0
Small molecule;HMSL10094;HMSL10094;XMD8-92;O=C1N(C)C2=C(N=C(NC3=C(OCC)C=C(N4CCC(O)CC4)C=C3)N=C2)N(C)C5=CC=CC=C51;;474.550000000;C26H30N6O3;Protein;JNK2;;;P45984;H.sapiens;Inhibition;percent Inhibition;10;MicroMolar;0
Small molecule;HMSL10094;HMSL10094;XMD8-92;O=C1N(C)C2=C(N=C(NC3=C(OCC)C=C(N4CCC(O)CC4)C=C3)N=C2)N(C)C5=CC=CC=C51;;474.550000000;C26H30N6O3;Protein;JNK3;;;P53779;H.sapiens;Inhibition;percent Inhibition;10;MicroMolar;0
Small molecule;HMSL10094;HMSL10094;XMD8-92;O=C1N(C)C2=C(N=C(NC3=C(OCC)C=C(N4CCC(O)CC4)C=C3)N=C2)N(C)C5=CC=CC=C51;;474.550000000;C26H30N6O3;Protein;KIT;;;P10721;H.sapiens;Inhibition;percent Inhibition;10;MicroMolar;0
Small molecule;HMSL10094;HMSL10094;XMD8-92;O=C1N(C)C2=C(N=C(NC3=C(OCC)C=C(N4CCC(O)CC4)C=C3)N=C2)N(C)C5=CC=CC=C51;;474.550000000;C26H30N6O3;Protein;KIT(D816V);;D816V;P10721;H.sapiens;Inhibition;percent Inhibition;10;MicroMolar;0
Small molecule;HMSL10094;HMSL10094;XMD8-92;O=C1N(C)C2=C(N=C(NC3=C(OCC)C=C(N4CCC(O)CC4)C=C3)N=C2)N(C)C5=CC=CC=C51;;474.550000000;C26H30N6O3;Protein;LATS1;;;O95835;H.sapiens;Inhibition;percent Inhibition;10;MicroMolar;0
Small molecule;HMSL10094;HMSL10094;XMD8-92;O=C1N(C)C2=C(N=C(NC3=C(OCC)C=C(N4CCC(O)CC4)C=C3)N=C2)N(C)C5=CC=CC=C51;;474.550000000;C26H30N6O3;Protein;LCK;;;P06239;H.sapiens;Inhibition;percent Inhibition;10;MicroMolar;0
Small molecule;HMSL10094;HMSL10094;XMD8-92;O=C1N(C)C2=C(N=C(NC3=C(OCC)C=C(N4CCC(O)CC4)C=C3)N=C2)N(C)C5=CC=CC=C51;;474.550000000;C26H30N6O3;Protein;LIMK1;;;P53667;H.sapiens;Inhibition;percent Inhibition;10;MicroMolar;0
Small molecule;HMSL10094;HMSL10094;XMD8-92;O=C1N(C)C2=C(N=C(NC3=C(OCC)C=C(N4CCC(O)CC4)C=C3)N=C2)N(C)C5=CC=CC=C51;;474.550000000;C26H30N6O3;Protein;LIMK2;;;P53671;H.sapiens;Inhibition;percent Inhibition;10;MicroMolar;0
Small molecule;HMSL10094;HMSL10094;XMD8-92;O=C1N(C)C2=C(N=C(NC3=C(OCC)C=C(N4CCC(O)CC4)C=C3)N=C2)N(C)C5=CC=CC=C51;;474.550000000;C26H30N6O3;Protein;LKB1;;;Q15831;H.sapiens;Inhibition;percent Inhibition;10;MicroMolar;0
Small molecule;HMSL10094;HMSL10094;XMD8-92;O=C1N(C)C2=C(N=C(NC3=C(OCC)C=C(N4CCC(O)CC4)C=C3)N=C2)N(C)C5=CC=CC=C51;;474.550000000;C26H30N6O3;Protein;LOK;;;O94804;H.sapiens;Inhibition;percent Inhibition;10;MicroMolar;0
Small molecule;HMSL10094;HMSL10094;XMD8-92;O=C1N(C)C2=C(N=C(NC3=C(OCC)C=C(N4CCC(O)CC4)C=C3)N=C2)N(C)C5=CC=CC=C51;;474.550000000;C26H30N6O3;Protein;LTK;;;P29376;H.sapiens;Inhibition;percent Inhibition;10;MicroMolar;0
Small molecule;HMSL10094;HMSL10094;XMD8-92;O=C1N(C)C2=C(N=C(NC3=C(OCC)C=C(N4CCC(O)CC4)C=C3)N=C2)N(C)C5=CC=CC=C51;;474.550000000;C26H30N6O3;Protein;LYN;;;P07948;H.sapiens;Inhibition;percent Inhibition;10;MicroMolar;0
Small molecule;HMSL10094;HMSL10094;XMD8-92;O=C1N(C)C2=C(N=C(NC3=C(OCC)C=C(N4CCC(O)CC4)C=C3)N=C2)N(C)C5=CC=CC=C51;;474.550000000;C26H30N6O3;Protein;LZK;;;O43283;H.sapiens;Inhibition;percent Inhibition;10;MicroMolar;0
Small molecule;HMSL10094;HMSL10094;XMD8-92;O=C1N(C)C2=C(N=C(NC3=C(OCC)C=C(N4CCC(O)CC4)C=C3)N=C2)N(C)C5=CC=CC=C51;;474.550000000;C26H30N6O3;Protein;MAK;;;P20794;H.sapiens;Inhibition;percent Inhibition;10;MicroMolar;0
Small molecule;HMSL10094;HMSL10094;XMD8-92;O=C1N(C)C2=C(N=C(NC3=C(OCC)C=C(N4CCC(O)CC4)C=C3)N=C2)N(C)C5=CC=CC=C51;;474.550000000;C26H30N6O3;Protein;MAP3K1;;;Q13233;H.sapiens;Inhibition;percent Inhibition;10;MicroMolar;0
Small molecule;HMSL10094;HMSL10094;XMD8-92;O=C1N(C)C2=C(N=C(NC3=C(OCC)C=C(N4CCC(O)CC4)C=C3)N=C2)N(C)C5=CC=CC=C51;;474.550000000;C26H30N6O3;Protein;MAP3K15;;;Q6ZN16;H.sapiens;Inhibition;percent Inhibition;10;MicroMolar;0
Small molecule;HMSL10094;HMSL10094;XMD8-92;O=C1N(C)C2=C(N=C(NC3=C(OCC)C=C(N4CCC(O)CC4)C=C3)N=C2)N(C)C5=CC=CC=C51;;474.550000000;C26H30N6O3;Protein;MAP3K2;;;Q9Y2U5;H.sapiens;Inhibition;percent Inhibition;10;MicroMolar;0
Small molecule;HMSL10094;HMSL10094;XMD8-92;O=C1N(C)C2=C(N=C(NC3=C(OCC)C=C(N4CCC(O)CC4)C=C3)N=C2)N(C)C5=CC=CC=C51;;474.550000000;C26H30N6O3;Protein;MAP3K3;;;Q99759;H.sapiens;Inhibition;percent Inhibition;10;MicroMolar;0
Small molecule;HMSL10094;HMSL10094;XMD8-92;O=C1N(C)C2=C(N=C(NC3=C(OCC)C=C(N4CCC(O)CC4)C=C3)N=C2)N(C)C5=CC=CC=C51;;474.550000000;C26H30N6O3;Protein;MAP3K4;;;Q9Y6R4;H.sapiens;Inhibition;percent Inhibition;10;MicroMolar;0
Small molecule;HMSL10094;HMSL10094;XMD8-92;O=C1N(C)C2=C(N=C(NC3=C(OCC)C=C(N4CCC(O)CC4)C=C3)N=C2)N(C)C5=CC=CC=C51;;474.550000000;C26H30N6O3;Protein;MAP4K2;;;Q12851;H.sapiens;Inhibition;percent Inhibition;10;MicroMolar;0
Small molecule;HMSL10094;HMSL10094;XMD8-92;O=C1N(C)C2=C(N=C(NC3=C(OCC)C=C(N4CCC(O)CC4)C=C3)N=C2)N(C)C5=CC=CC=C51;;474.550000000;C26H30N6O3;Protein;MAP4K3;;;Q8IVH8;H.sapiens;Inhibition;percent Inhibition;10;MicroMolar;0
Small molecule;HMSL10094;HMSL10094;XMD8-92;O=C1N(C)C2=C(N=C(NC3=C(OCC)C=C(N4CCC(O)CC4)C=C3)N=C2)N(C)C5=CC=CC=C51;;474.550000000;C26H30N6O3;Protein;MAP4K5;;;Q9Y4K4;H.sapiens;Inhibition;percent Inhibition;10;MicroMolar;0
Small molecule;HMSL10094;HMSL10094;XMD8-92;O=C1N(C)C2=C(N=C(NC3=C(OCC)C=C(N4CCC(O)CC4)C=C3)N=C2)N(C)C5=CC=CC=C51;;474.550000000;C26H30N6O3;Protein;MAPKAPK2;;;P49137;H.sapiens;Inhibition;percent Inhibition;10;MicroMolar;0
Small molecule;HMSL10094;HMSL10094;XMD8-92;O=C1N(C)C2=C(N=C(NC3=C(OCC)C=C(N4CCC(O)CC4)C=C3)N=C2)N(C)C5=CC=CC=C51;;474.550000000;C26H30N6O3;Protein;MAPKAPK5;;;Q8IW41;H.sapiens;Inhibition;percent Inhibition;10;MicroMolar;0
Small molecule;HMSL10094;HMSL10094;XMD8-92;O=C1N(C)C2=C(N=C(NC3=C(OCC)C=C(N4CCC(O)CC4)C=C3)N=C2)N(C)C5=CC=CC=C51;;474.550000000;C26H30N6O3;Protein;MARK1;;;Q9P0L2;H.sapiens;Inhibition;percent Inhibition;10;MicroMolar;0
Small molecule;HMSL10094;HMSL10094;XMD8-92;O=C1N(C)C2=C(N=C(NC3=C(OCC)C=C(N4CCC(O)CC4)C=C3)N=C2)N(C)C5=CC=CC=C51;;474.550000000;C26H30N6O3;Protein;MARK2;;;Q7KZI7;H.sapiens;Inhibition;percent Inhibition;10;MicroMolar;0
Small molecule;HMSL10094;HMSL10094;XMD8-92;O=C1N(C)C2=C(N=C(NC3=C(OCC)C=C(N4CCC(O)CC4)C=C3)N=C2)N(C)C5=CC=CC=C51;;474.550000000;C26H30N6O3;Protein;MARK3;;;P27448;H.sapiens;Inhibition;percent Inhibition;10;MicroMolar;0
Small molecule;HMSL10094;HMSL10094;XMD8-92;O=C1N(C)C2=C(N=C(NC3=C(OCC)C=C(N4CCC(O)CC4)C=C3)N=C2)N(C)C5=CC=CC=C51;;474.550000000;C26H30N6O3;Protein;MARK4;;;Q96L34;H.sapiens;Inhibition;percent Inhibition;10;MicroMolar;0
Small molecule;HMSL10094;HMSL10094;XMD8-92;O=C1N(C)C2=C(N=C(NC3=C(OCC)C=C(N4CCC(O)CC4)C=C3)N=C2)N(C)C5=CC=CC=C51;;474.550000000;C26H30N6O3;Protein;MAST1;;;Q9Y2H9;H.sapiens;Inhibition;percent Inhibition;10;MicroMolar;0
Small molecule;HMSL10094;HMSL10094;XMD8-92;O=C1N(C)C2=C(N=C(NC3=C(OCC)C=C(N4CCC(O)CC4)C=C3)N=C2)N(C)C5=CC=CC=C51;;474.550000000;C26H30N6O3;Protein;MEK1;;;Q02750;H.sapiens;Inhibition;percent Inhibition;10;MicroMolar;0
Small molecule;HMSL10094;HMSL10094;XMD8-92;O=C1N(C)C2=C(N=C(NC3=C(OCC)C=C(N4CCC(O)CC4)C=C3)N=C2)N(C)C5=CC=CC=C51;;474.550000000;C26H30N6O3;Protein;MEK2;;;P36507;H.sapiens;Inhibition;percent Inhibition;10;MicroMolar;0
Small molecule;HMSL10094;HMSL10094;XMD8-92;O=C1N(C)C2=C(N=C(NC3=C(OCC)C=C(N4CCC(O)CC4)C=C3)N=C2)N(C)C5=CC=CC=C51;;474.550000000;C26H30N6O3;Protein;MEK3;;;P46734;H.sapiens;Inhibition;percent Inhibition;10;MicroMolar;0
Small molecule;HMSL10094;HMSL10094;XMD8-92;O=C1N(C)C2=C(N=C(NC3=C(OCC)C=C(N4CCC(O)CC4)C=C3)N=C2)N(C)C5=CC=CC=C51;;474.550000000;C26H30N6O3;Protein;MEK4;;;P45985;H.sapiens;Inhibition;percent Inhibition;10;MicroMolar;0
Small molecule;HMSL10094;HMSL10094;XMD8-92;O=C1N(C)C2=C(N=C(NC3=C(OCC)C=C(N4CCC(O)CC4)C=C3)N=C2)N(C)C5=CC=CC=C51;;474.550000000;C26H30N6O3;Protein;MEK6;;;P52564;H.sapiens;Inhibition;percent Inhibition;10;MicroMolar;0
Small molecule;HMSL10094;HMSL10094;XMD8-92;O=C1N(C)C2=C(N=C(NC3=C(OCC)C=C(N4CCC(O)CC4)C=C3)N=C2)N(C)C5=CC=CC=C51;;474.550000000;C26H30N6O3;Protein;MELK;;;Q14680;H.sapiens;Inhibition;percent Inhibition;10;MicroMolar;0
Small molecule;HMSL10094;HMSL10094;XMD8-92;O=C1N(C)C2=C(N=C(NC3=C(OCC)C=C(N4CCC(O)CC4)C=C3)N=C2)N(C)C5=CC=CC=C51;;474.550000000;C26H30N6O3;Protein;MET;;;P08581;H.sapiens;Inhibition;percent Inhibition;10;MicroMolar;0
Small molecule;HMSL10094;HMSL10094;XMD8-92;O=C1N(C)C2=C(N=C(NC3=C(OCC)C=C(N4CCC(O)CC4)C=C3)N=C2)N(C)C5=CC=CC=C51;;474.550000000;C26H30N6O3;Protein;MET(M1250T);;M1250T;P08581;H.sapiens;Inhibition;percent Inhibition;10;MicroMolar;0
Small molecule;HMSL10094;HMSL10094;XMD8-92;O=C1N(C)C2=C(N=C(NC3=C(OCC)C=C(N4CCC(O)CC4)C=C3)N=C2)N(C)C5=CC=CC=C51;;474.550000000;C26H30N6O3;Protein;MET(Y1235D);;Y1235D;P08581;H.sapiens;Inhibition;percent Inhibition;10;MicroMolar;0
Small molecule;HMSL10094;HMSL10094;XMD8-92;O=C1N(C)C2=C(N=C(NC3=C(OCC)C=C(N4CCC(O)CC4)C=C3)N=C2)N(C)C5=CC=CC=C51;;474.550000000;C26H30N6O3;Protein;MINK;;;Q8N4C8;H.sapiens;Inhibition;percent Inhibition;10;MicroMolar;0
Small molecule;HMSL10094;HMSL10094;XMD8-92;O=C1N(C)C2=C(N=C(NC3=C(OCC)C=C(N4CCC(O)CC4)C=C3)N=C2)N(C)C5=CC=CC=C51;;474.550000000;C26H30N6O3;Protein;MKNK1;;;Q9BUB5;H.sapiens;Inhibition;percent Inhibition;10;MicroMolar;0
Small molecule;HMSL10094;HMSL10094;XMD8-92;O=C1N(C)C2=C(N=C(NC3=C(OCC)C=C(N4CCC(O)CC4)C=C3)N=C2)N(C)C5=CC=CC=C51;;474.550000000;C26H30N6O3;Protein;MKNK2;;;Q9HBH9;H.sapiens;Inhibition;percent Inhibition;10;MicroMolar;0
Small molecule;HMSL10094;HMSL10094;XMD8-92;O=C1N(C)C2=C(N=C(NC3=C(OCC)C=C(N4CCC(O)CC4)C=C3)N=C2)N(C)C5=CC=CC=C51;;474.550000000;C26H30N6O3;Protein;MLCK;;;Q32MK0;H.sapiens;Inhibition;percent Inhibition;10;MicroMolar;0
Small molecule;HMSL10094;HMSL10094;XMD8-92;O=C1N(C)C2=C(N=C(NC3=C(OCC)C=C(N4CCC(O)CC4)C=C3)N=C2)N(C)C5=CC=CC=C51;;474.550000000;C26H30N6O3;Protein;MLK1;;;P80192;H.sapiens;Inhibition;percent Inhibition;10;MicroMolar;0
Small molecule;HMSL10094;HMSL10094;XMD8-92;O=C1N(C)C2=C(N=C(NC3=C(OCC)C=C(N4CCC(O)CC4)C=C3)N=C2)N(C)C5=CC=CC=C51;;474.550000000;C26H30N6O3;Protein;MLK2;;;Q02779;H.sapiens;Inhibition;percent Inhibition;10;MicroMolar;0
Small molecule;HMSL10094;HMSL10094;XMD8-92;O=C1N(C)C2=C(N=C(NC3=C(OCC)C=C(N4CCC(O)CC4)C=C3)N=C2)N(C)C5=CC=CC=C51;;474.550000000;C26H30N6O3;Protein;MLK3;;;Q16584;H.sapiens;Inhibition;percent Inhibition;10;MicroMolar;0
Small molecule;HMSL10094;HMSL10094;XMD8-92;O=C1N(C)C2=C(N=C(NC3=C(OCC)C=C(N4CCC(O)CC4)C=C3)N=C2)N(C)C5=CC=CC=C51;;474.550000000;C26H30N6O3;Protein;MRCKA;;;Q5VT25;H.sapiens;Inhibition;percent Inhibition;10;MicroMolar;0
Small molecule;HMSL10094;HMSL10094;XMD8-92;O=C1N(C)C2=C(N=C(NC3=C(OCC)C=C(N4CCC(O)CC4)C=C3)N=C2)N(C)C5=CC=CC=C51;;474.550000000;C26H30N6O3;Protein;MRCKB;;;Q9Y5S2;H.sapiens;Inhibition;percent Inhibition;10;MicroMolar;0
Small molecule;HMSL10094;HMSL10094;XMD8-92;O=C1N(C)C2=C(N=C(NC3=C(OCC)C=C(N4CCC(O)CC4)C=C3)N=C2)N(C)C5=CC=CC=C51;;474.550000000;C26H30N6O3;Protein;MST1;;;Q13043;H.sapiens;Inhibition;percent Inhibition;10;MicroMolar;0
Small molecule;HMSL10094;HMSL10094;XMD8-92;O=C1N(C)C2=C(N=C(NC3=C(OCC)C=C(N4CCC(O)CC4)C=C3)N=C2)N(C)C5=CC=CC=C51;;474.550000000;C26H30N6O3;Protein;MST1R;;;Q04912;H.sapiens;Inhibition;percent Inhibition;10;MicroMolar;0
Small molecule;HMSL10094;HMSL10094;XMD8-92;O=C1N(C)C2=C(N=C(NC3=C(OCC)C=C(N4CCC(O)CC4)C=C3)N=C2)N(C)C5=CC=CC=C51;;474.550000000;C26H30N6O3;Protein;MST3;;;Q9Y6E0;H.sapiens;Inhibition;percent Inhibition;10;MicroMolar;0
Small molecule;HMSL10094;HMSL10094;XMD8-92;O=C1N(C)C2=C(N=C(NC3=C(OCC)C=C(N4CCC(O)CC4)C=C3)N=C2)N(C)C5=CC=CC=C51;;474.550000000;C26H30N6O3;Protein;MST4;;;Q9P289;H.sapiens;Inhibition;percent Inhibition;10;MicroMolar;0
Small molecule;HMSL10094;HMSL10094;XMD8-92;O=C1N(C)C2=C(N=C(NC3=C(OCC)C=C(N4CCC(O)CC4)C=C3)N=C2)N(C)C5=CC=CC=C51;;474.550000000;C26H30N6O3;Protein;MUSK;;;O15146;H.sapiens;Inhibition;percent Inhibition;10;MicroMolar;0
Small molecule;HMSL10094;HMSL10094;XMD8-92;O=C1N(C)C2=C(N=C(NC3=C(OCC)C=C(N4CCC(O)CC4)C=C3)N=C2)N(C)C5=CC=CC=C51;;474.550000000;C26H30N6O3;Protein;MYLK;;;Q15746;H.sapiens;Inhibition;percent Inhibition;10;MicroMolar;0
Small molecule;HMSL10094;HMSL10094;XMD8-92;O=C1N(C)C2=C(N=C(NC3=C(OCC)C=C(N4CCC(O)CC4)C=C3)N=C2)N(C)C5=CC=CC=C51;;474.550000000;C26H30N6O3;Protein;MYLK2;;;Q9H1R3;H.sapiens;Inhibition;percent Inhibition;10;MicroMolar;0
Small molecule;HMSL10094;HMSL10094;XMD8-92;O=C1N(C)C2=C(N=C(NC3=C(OCC)C=C(N4CCC(O)CC4)C=C3)N=C2)N(C)C5=CC=CC=C51;;474.550000000;C26H30N6O3;Protein;MYO3A;;;Q8NEV4;H.sapiens;Inhibition;percent Inhibition;10;MicroMolar;0
Small molecule;HMSL10094;HMSL10094;XMD8-92;O=C1N(C)C2=C(N=C(NC3=C(OCC)C=C(N4CCC(O)CC4)C=C3)N=C2)N(C)C5=CC=CC=C51;;474.550000000;C26H30N6O3;Protein;MYO3B;;;Q8WXR4;H.sapiens;Inhibition;percent Inhibition;10;MicroMolar;0
Small molecule;HMSL10094;HMSL10094;XMD8-92;O=C1N(C)C2=C(N=C(NC3=C(OCC)C=C(N4CCC(O)CC4)C=C3)N=C2)N(C)C5=CC=CC=C51;;474.550000000;C26H30N6O3;Protein;NDR1;;;Q15208;H.sapiens;Inhibition;percent Inhibition;10;MicroMolar;0
Small molecule;HMSL10094;HMSL10094;XMD8-92;O=C1N(C)C2=C(N=C(NC3=C(OCC)C=C(N4CCC(O)CC4)C=C3)N=C2)N(C)C5=CC=CC=C51;;474.550000000;C26H30N6O3;Protein;NDR2;;;Q9Y2H1;H.sapiens;Inhibition;percent Inhibition;10;MicroMolar;0
Small molecule;HMSL10094;HMSL10094;XMD8-92;O=C1N(C)C2=C(N=C(NC3=C(OCC)C=C(N4CCC(O)CC4)C=C3)N=C2)N(C)C5=CC=CC=C51;;474.550000000;C26H30N6O3;Protein;NEK1;;;Q96PY6;H.sapiens;Inhibition;percent Inhibition;10;MicroMolar;0
Small molecule;HMSL10094;HMSL10094;XMD8-92;O=C1N(C)C2=C(N=C(NC3=C(OCC)C=C(N4CCC(O)CC4)C=C3)N=C2)N(C)C5=CC=CC=C51;;474.550000000;C26H30N6O3;Protein;NEK2;;;P51955;H.sapiens;Inhibition;percent Inhibition;10;MicroMolar;0
Small molecule;HMSL10094;HMSL10094;XMD8-92;O=C1N(C)C2=C(N=C(NC3=C(OCC)C=C(N4CCC(O)CC4)C=C3)N=C2)N(C)C5=CC=CC=C51;;474.550000000;C26H30N6O3;Protein;NEK5;;;Q6P3R8;H.sapiens;Inhibition;percent Inhibition;10;MicroMolar;0
Small molecule;HMSL10094;HMSL10094;XMD8-92;O=C1N(C)C2=C(N=C(NC3=C(OCC)C=C(N4CCC(O)CC4)C=C3)N=C2)N(C)C5=CC=CC=C51;;474.550000000;C26H30N6O3;Protein;NEK6;;;Q9HC98;H.sapiens;Inhibition;percent Inhibition;10;MicroMolar;0
Small molecule;HMSL10094;HMSL10094;XMD8-92;O=C1N(C)C2=C(N=C(NC3=C(OCC)C=C(N4CCC(O)CC4)C=C3)N=C2)N(C)C5=CC=CC=C51;;474.550000000;C26H30N6O3;Protein;NEK7;;;Q8TDX7;H.sapiens;Inhibition;percent Inhibition;10;MicroMolar;0
Small molecule;HMSL10094;HMSL10094;XMD8-92;O=C1N(C)C2=C(N=C(NC3=C(OCC)C=C(N4CCC(O)CC4)C=C3)N=C2)N(C)C5=CC=CC=C51;;474.550000000;C26H30N6O3;Protein;NEK9;;;Q8TD19;H.sapiens;Inhibition;percent Inhibition;10;MicroMolar;0
Small molecule;HMSL10094;HMSL10094;XMD8-92;O=C1N(C)C2=C(N=C(NC3=C(OCC)C=C(N4CCC(O)CC4)C=C3)N=C2)N(C)C5=CC=CC=C51;;474.550000000;C26H30N6O3;Protein;NIM1;;;Q8IY84;H.sapiens;Inhibition;percent Inhibition;10;MicroMolar;0
Small molecule;HMSL10094;HMSL10094;XMD8-92;O=C1N(C)C2=C(N=C(NC3=C(OCC)C=C(N4CCC(O)CC4)C=C3)N=C2)N(C)C5=CC=CC=C51;;474.550000000;C26H30N6O3;Protein;NLK;;;Q9UBE8;H.sapiens;Inhibition;percent Inhibition;10;MicroMolar;0
Small molecule;HMSL10094;HMSL10094;XMD8-92;O=C1N(C)C2=C(N=C(NC3=C(OCC)C=C(N4CCC(O)CC4)C=C3)N=C2)N(C)C5=CC=CC=C51;;474.550000000;C26H30N6O3;Protein;OSR1;;;O95747;H.sapiens;Inhibition;percent Inhibition;10;MicroMolar;0
Small molecule;HMSL10094;HMSL10094;XMD8-92;O=C1N(C)C2=C(N=C(NC3=C(OCC)C=C(N4CCC(O)CC4)C=C3)N=C2)N(C)C5=CC=CC=C51;;474.550000000;C26H30N6O3;Protein;p38-alpha;;;Q16539;H.sapiens;Inhibition;percent Inhibition;10;MicroMolar;0
Small molecule;HMSL10094;HMSL10094;XMD8-92;O=C1N(C)C2=C(N=C(NC3=C(OCC)C=C(N4CCC(O)CC4)C=C3)N=C2)N(C)C5=CC=CC=C51;;474.550000000;C26H30N6O3;Protein;p38-beta;;;Q15759;H.sapiens;Inhibition;percent Inhibition;10;MicroMolar;0
Small molecule;HMSL10094;HMSL10094;XMD8-92;O=C1N(C)C2=C(N=C(NC3=C(OCC)C=C(N4CCC(O)CC4)C=C3)N=C2)N(C)C5=CC=CC=C51;;474.550000000;C26H30N6O3;Protein;p38-delta;;;O15264;H.sapiens;Inhibition;percent Inhibition;10;MicroMolar;0
Small molecule;HMSL10094;HMSL10094;XMD8-92;O=C1N(C)C2=C(N=C(NC3=C(OCC)C=C(N4CCC(O)CC4)C=C3)N=C2)N(C)C5=CC=CC=C51;;474.550000000;C26H30N6O3;Protein;PAK1;;;Q13153;H.sapiens;Inhibition;percent Inhibition;10;MicroMolar;0
Small molecule;HMSL10094;HMSL10094;XMD8-92;O=C1N(C)C2=C(N=C(NC3=C(OCC)C=C(N4CCC(O)CC4)C=C3)N=C2)N(C)C5=CC=CC=C51;;474.550000000;C26H30N6O3;Protein;PAK3;;;O75914;H.sapiens;Inhibition;percent Inhibition;10;MicroMolar;0
Small molecule;HMSL10094;HMSL10094;XMD8-92;O=C1N(C)C2=C(N=C(NC3=C(OCC)C=C(N4CCC(O)CC4)C=C3)N=C2)N(C)C5=CC=CC=C51;;474.550000000;C26H30N6O3;Protein;PAK4;;;O96013;H.sapiens;Inhibition;percent Inhibition;10;MicroMolar;0
Small molecule;HMSL10094;HMSL10094;XMD8-92;O=C1N(C)C2=C(N=C(NC3=C(OCC)C=C(N4CCC(O)CC4)C=C3)N=C2)N(C)C5=CC=CC=C51;;474.550000000;C26H30N6O3;Protein;PAK6;;;Q9NQU5;H.sapiens;Inhibition;percent Inhibition;10;MicroMolar;0
Small molecule;HMSL10094;HMSL10094;XMD8-92;O=C1N(C)C2=C(N=C(NC3=C(OCC)C=C(N4CCC(O)CC4)C=C3)N=C2)N(C)C5=CC=CC=C51;;474.550000000;C26H30N6O3;Protein;PAK7;;;Q9P286;H.sapiens;Inhibition;percent Inhibition;10;MicroMolar;0
Small molecule;HMSL10094;HMSL10094;XMD8-92;O=C1N(C)C2=C(N=C(NC3=C(OCC)C=C(N4CCC(O)CC4)C=C3)N=C2)N(C)C5=CC=CC=C51;;474.550000000;C26H30N6O3;Protein;PCTK1;;;Q00536;H.sapiens;Inhibition;percent Inhibition;10;MicroMolar;0
Small molecule;HMSL10094;HMSL10094;XMD8-92;O=C1N(C)C2=C(N=C(NC3=C(OCC)C=C(N4CCC(O)CC4)C=C3)N=C2)N(C)C5=CC=CC=C51;;474.550000000;C26H30N6O3;Protein;PCTK3;;;Q07002;H.sapiens;Inhibition;percent Inhibition;10;MicroMolar;0
Small molecule;HMSL10094;HMSL10094;XMD8-92;O=C1N(C)C2=C(N=C(NC3=C(OCC)C=C(N4CCC(O)CC4)C=C3)N=C2)N(C)C5=CC=CC=C51;;474.550000000;C26H30N6O3;Protein;PDGFRA;;;P16234;H.sapiens;Inhibition;percent Inhibition;10;MicroMolar;0
Small molecule;HMSL10094;HMSL10094;XMD8-92;O=C1N(C)C2=C(N=C(NC3=C(OCC)C=C(N4CCC(O)CC4)C=C3)N=C2)N(C)C5=CC=CC=C51;;474.550000000;C26H30N6O3;Protein;PDGFRB;;;P09619;H.sapiens;Inhibition;percent Inhibition;10;MicroMolar;0
Small molecule;HMSL10094;HMSL10094;XMD8-92;O=C1N(C)C2=C(N=C(NC3=C(OCC)C=C(N4CCC(O)CC4)C=C3)N=C2)N(C)C5=CC=CC=C51;;474.550000000;C26H30N6O3;Protein;PDPK1;;;O15530;H.sapiens;Inhibition;percent Inhibition;10;MicroMolar;0
Small molecule;HMSL10094;HMSL10094;XMD8-92;O=C1N(C)C2=C(N=C(NC3=C(OCC)C=C(N4CCC(O)CC4)C=C3)N=C2)N(C)C5=CC=CC=C51;;474.550000000;C26H30N6O3;Protein;PFTAIRE2;;;Q96Q40;H.sapiens;Inhibition;percent Inhibition;10;MicroMolar;0
Small molecule;HMSL10094;HMSL10094;XMD8-92;O=C1N(C)C2=C(N=C(NC3=C(OCC)C=C(N4CCC(O)CC4)C=C3)N=C2)N(C)C5=CC=CC=C51;;474.550000000;C26H30N6O3;Protein;PFTK1;;;O94921;H.sapiens;Inhibition;percent Inhibition;10;MicroMolar;0
Small molecule;HMSL10094;HMSL10094;XMD8-92;O=C1N(C)C2=C(N=C(NC3=C(OCC)C=C(N4CCC(O)CC4)C=C3)N=C2)N(C)C5=CC=CC=C51;;474.550000000;C26H30N6O3;Protein;PHKG1;;;Q16816;H.sapiens;Inhibition;percent Inhibition;10;MicroMolar;0
Small molecule;HMSL10094;HMSL10094;XMD8-92;O=C1N(C)C2=C(N=C(NC3=C(OCC)C=C(N4CCC(O)CC4)C=C3)N=C2)N(C)C5=CC=CC=C51;;474.550000000;C26H30N6O3;Protein;PHKG2;;;P15735;H.sapiens;Inhibition;percent Inhibition;10;MicroMolar;0
Small molecule;HMSL10094;HMSL10094;XMD8-92;O=C1N(C)C2=C(N=C(NC3=C(OCC)C=C(N4CCC(O)CC4)C=C3)N=C2)N(C)C5=CC=CC=C51;;474.550000000;C26H30N6O3;Protein;PIK3CA;;;P42336;H.sapiens;Inhibition;percent Inhibition;10;MicroMolar;0
Small molecule;HMSL10094;HMSL10094;XMD8-92;O=C1N(C)C2=C(N=C(NC3=C(OCC)C=C(N4CCC(O)CC4)C=C3)N=C2)N(C)C5=CC=CC=C51;;474.550000000;C26H30N6O3;Protein;PIK3CA(C420R);;C420R;P42336;H.sapiens;Inhibition;percent Inhibition;10;MicroMolar;0
Small molecule;HMSL10094;HMSL10094;XMD8-92;O=C1N(C)C2=C(N=C(NC3=C(OCC)C=C(N4CCC(O)CC4)C=C3)N=C2)N(C)C5=CC=CC=C51;;474.550000000;C26H30N6O3;Protein;PIK3CA(E542K);;E542K;P42336;H.sapiens;Inhibition;percent Inhibition;10;MicroMolar;0
Small molecule;HMSL10094;HMSL10094;XMD8-92;O=C1N(C)C2=C(N=C(NC3=C(OCC)C=C(N4CCC(O)CC4)C=C3)N=C2)N(C)C5=CC=CC=C51;;474.550000000;C26H30N6O3;Protein;PIK3CA(E545A);;E545A;P42336;H.sapiens;Inhibition;percent Inhibition;10;MicroMolar;0
Small molecule;HMSL10094;HMSL10094;XMD8-92;O=C1N(C)C2=C(N=C(NC3=C(OCC)C=C(N4CCC(O)CC4)C=C3)N=C2)N(C)C5=CC=CC=C51;;474.550000000;C26H30N6O3;Protein;PIK3CA(E545K);;E545K;P42336;H.sapiens;Inhibition;percent Inhibition;10;MicroMolar;0
Small molecule;HMSL10094;HMSL10094;XMD8-92;O=C1N(C)C2=C(N=C(NC3=C(OCC)C=C(N4CCC(O)CC4)C=C3)N=C2)N(C)C5=CC=CC=C51;;474.550000000;C26H30N6O3;Protein;PIK3CA(H1047L);;H1047L;P42336;H.sapiens;Inhibition;percent Inhibition;10;MicroMolar;0
Small molecule;HMSL10094;HMSL10094;XMD8-92;O=C1N(C)C2=C(N=C(NC3=C(OCC)C=C(N4CCC(O)CC4)C=C3)N=C2)N(C)C5=CC=CC=C51;;474.550000000;C26H30N6O3;Protein;PIK3CA(H1047Y);;H1047Y;P42336;H.sapiens;Inhibition;percent Inhibition;10;MicroMolar;0
Small molecule;HMSL10094;HMSL10094;XMD8-92;O=C1N(C)C2=C(N=C(NC3=C(OCC)C=C(N4CCC(O)CC4)C=C3)N=C2)N(C)C5=CC=CC=C51;;474.550000000;C26H30N6O3;Protein;PIK3CA(M1043I);;M1043I;P42336;H.sapiens;Inhibition;percent Inhibition;10;MicroMolar;0
Small molecule;HMSL10094;HMSL10094;XMD8-92;O=C1N(C)C2=C(N=C(NC3=C(OCC)C=C(N4CCC(O)CC4)C=C3)N=C2)N(C)C5=CC=CC=C51;;474.550000000;C26H30N6O3;Protein;PIK3CA(Q546K);;Q546K;P42336;H.sapiens;Inhibition;percent Inhibition;10;MicroMolar;0
Small molecule;HMSL10094;HMSL10094;XMD8-92;O=C1N(C)C2=C(N=C(NC3=C(OCC)C=C(N4CCC(O)CC4)C=C3)N=C2)N(C)C5=CC=CC=C51;;474.550000000;C26H30N6O3;Protein;PIK3CB;;;P42338;H.sapiens;Inhibition;percent Inhibition;10;MicroMolar;0
Small molecule;HMSL10094;HMSL10094;XMD8-92;O=C1N(C)C2=C(N=C(NC3=C(OCC)C=C(N4CCC(O)CC4)C=C3)N=C2)N(C)C5=CC=CC=C51;;474.550000000;C26H30N6O3;Protein;PIK3CG;;;P48736;H.sapiens;Inhibition;percent Inhibition;10;MicroMolar;0
Small molecule;HMSL10094;HMSL10094;XMD8-92;O=C1N(C)C2=C(N=C(NC3=C(OCC)C=C(N4CCC(O)CC4)C=C3)N=C2)N(C)C5=CC=CC=C51;;474.550000000;C26H30N6O3;Protein;PIK4CB;;;Q9UBF8;H.sapiens;Inhibition;percent Inhibition;10;MicroMolar;0
Small molecule;HMSL10094;HMSL10094;XMD8-92;O=C1N(C)C2=C(N=C(NC3=C(OCC)C=C(N4CCC(O)CC4)C=C3)N=C2)N(C)C5=CC=CC=C51;;474.550000000;C26H30N6O3;Protein;PIM1;;;P11309;H.sapiens;Inhibition;percent Inhibition;10;MicroMolar;0
Small molecule;HMSL10094;HMSL10094;XMD8-92;O=C1N(C)C2=C(N=C(NC3=C(OCC)C=C(N4CCC(O)CC4)C=C3)N=C2)N(C)C5=CC=CC=C51;;474.550000000;C26H30N6O3;Protein;PIM2;;;Q9P1W9;H.sapiens;Inhibition;percent Inhibition;10;MicroMolar;0
Small molecule;HMSL10094;HMSL10094;XMD8-92;O=C1N(C)C2=C(N=C(NC3=C(OCC)C=C(N4CCC(O)CC4)C=C3)N=C2)N(C)C5=CC=CC=C51;;474.550000000;C26H30N6O3;Protein;PIP5K1A;;;Q99755;H.sapiens;Inhibition;percent Inhibition;10;MicroMolar;0
Small molecule;HMSL10094;HMSL10094;XMD8-92;O=C1N(C)C2=C(N=C(NC3=C(OCC)C=C(N4CCC(O)CC4)C=C3)N=C2)N(C)C5=CC=CC=C51;;474.550000000;C26H30N6O3;Protein;PIP5K2B;;;P78356;H.sapiens;Inhibition;percent Inhibition;10;MicroMolar;0
Small molecule;HMSL10094;HMSL10094;XMD8-92;O=C1N(C)C2=C(N=C(NC3=C(OCC)C=C(N4CCC(O)CC4)C=C3)N=C2)N(C)C5=CC=CC=C51;;474.550000000;C26H30N6O3;Protein;PKAC-alpha;;;P17612;H.sapiens;Inhibition;percent Inhibition;10;MicroMolar;0
Small molecule;HMSL10094;HMSL10094;XMD8-92;O=C1N(C)C2=C(N=C(NC3=C(OCC)C=C(N4CCC(O)CC4)C=C3)N=C2)N(C)C5=CC=CC=C51;;474.550000000;C26H30N6O3;Protein;PKAC-beta;;;P22694;H.sapiens;Inhibition;percent Inhibition;10;MicroMolar;0
Small molecule;HMSL10094;HMSL10094;XMD8-92;O=C1N(C)C2=C(N=C(NC3=C(OCC)C=C(N4CCC(O)CC4)C=C3)N=C2)N(C)C5=CC=CC=C51;;474.550000000;C26H30N6O3;Protein;PKMYT1;;;F8W164;H.sapiens;Inhibition;percent Inhibition;10;MicroMolar;0
Small molecule;HMSL10094;HMSL10094;XMD8-92;O=C1N(C)C2=C(N=C(NC3=C(OCC)C=C(N4CCC(O)CC4)C=C3)N=C2)N(C)C5=CC=CC=C51;;474.550000000;C26H30N6O3;Protein;PKN1;;;Q16512;H.sapiens;Inhibition;percent Inhibition;10;MicroMolar;0
Small molecule;HMSL10094;HMSL10094;XMD8-92;O=C1N(C)C2=C(N=C(NC3=C(OCC)C=C(N4CCC(O)CC4)C=C3)N=C2)N(C)C5=CC=CC=C51;;474.550000000;C26H30N6O3;Protein;PKN2;;;Q16513;H.sapiens;Inhibition;percent Inhibition;10;MicroMolar;0
Small molecule;HMSL10094;HMSL10094;XMD8-92;O=C1N(C)C2=C(N=C(NC3=C(OCC)C=C(N4CCC(O)CC4)C=C3)N=C2)N(C)C5=CC=CC=C51;;474.550000000;C26H30N6O3;Protein;PLK1;;;P53350;H.sapiens;Inhibition;percent Inhibition;10;MicroMolar;0
Small molecule;HMSL10094;HMSL10094;XMD8-92;O=C1N(C)C2=C(N=C(NC3=C(OCC)C=C(N4CCC(O)CC4)C=C3)N=C2)N(C)C5=CC=CC=C51;;474.550000000;C26H30N6O3;Protein;PLK2;;;Q9NYY3;H.sapiens;Inhibition;percent Inhibition;10;MicroMolar;0
Small molecule;HMSL10094;HMSL10094;XMD8-92;O=C1N(C)C2=C(N=C(NC3=C(OCC)C=C(N4CCC(O)CC4)C=C3)N=C2)N(C)C5=CC=CC=C51;;474.550000000;C26H30N6O3;Protein;PLK3;;;Q9H4B4;H.sapiens;Inhibition;percent Inhibition;10;MicroMolar;0
Small molecule;HMSL10094;HMSL10094;XMD8-92;O=C1N(C)C2=C(N=C(NC3=C(OCC)C=C(N4CCC(O)CC4)C=C3)N=C2)N(C)C5=CC=CC=C51;;474.550000000;C26H30N6O3;Protein;PRKCD;;;Q05655;H.sapiens;Inhibition;percent Inhibition;10;MicroMolar;0
Small molecule;HMSL10094;HMSL10094;XMD8-92;O=C1N(C)C2=C(N=C(NC3=C(OCC)C=C(N4CCC(O)CC4)C=C3)N=C2)N(C)C5=CC=CC=C51;;474.550000000;C26H30N6O3;Protein;PRKCE;;;Q02156;H.sapiens;Inhibition;percent Inhibition;10;MicroMolar;0
Small molecule;HMSL10094;HMSL10094;XMD8-92;O=C1N(C)C2=C(N=C(NC3=C(OCC)C=C(N4CCC(O)CC4)C=C3)N=C2)N(C)C5=CC=CC=C51;;474.550000000;C26H30N6O3;Protein;PRKCH;;;P24723;H.sapiens;Inhibition;percent Inhibition;10;MicroMolar;0
Small molecule;HMSL10094;HMSL10094;XMD8-92;O=C1N(C)C2=C(N=C(NC3=C(OCC)C=C(N4CCC(O)CC4)C=C3)N=C2)N(C)C5=CC=CC=C51;;474.550000000;C26H30N6O3;Protein;PRKCQ;;;Q04759;H.sapiens;Inhibition;percent Inhibition;10;MicroMolar;0
Small molecule;HMSL10094;HMSL10094;XMD8-92;O=C1N(C)C2=C(N=C(NC3=C(OCC)C=C(N4CCC(O)CC4)C=C3)N=C2)N(C)C5=CC=CC=C51;;474.550000000;C26H30N6O3;Protein;PRKD1;;;Q15139;H.sapiens;Inhibition;percent Inhibition;10;MicroMolar;0
Small molecule;HMSL10094;HMSL10094;XMD8-92;O=C1N(C)C2=C(N=C(NC3=C(OCC)C=C(N4CCC(O)CC4)C=C3)N=C2)N(C)C5=CC=CC=C51;;474.550000000;C26H30N6O3;Protein;PRKD2;;;Q9BZL6;H.sapiens;Inhibition;percent Inhibition;10;MicroMolar;0
Small molecule;HMSL10094;HMSL10094;XMD8-92;O=C1N(C)C2=C(N=C(NC3=C(OCC)C=C(N4CCC(O)CC4)C=C3)N=C2)N(C)C5=CC=CC=C51;;474.550000000;C26H30N6O3;Protein;PRKD3;;;O94806;H.sapiens;Inhibition;percent Inhibition;10;MicroMolar;0
Small molecule;HMSL10094;HMSL10094;XMD8-92;O=C1N(C)C2=C(N=C(NC3=C(OCC)C=C(N4CCC(O)CC4)C=C3)N=C2)N(C)C5=CC=CC=C51;;474.550000000;C26H30N6O3;Protein;PRKG1;;;Q13976;H.sapiens;Inhibition;percent Inhibition;10;MicroMolar;0
Small molecule;HMSL10094;HMSL10094;XMD8-92;O=C1N(C)C2=C(N=C(NC3=C(OCC)C=C(N4CCC(O)CC4)C=C3)N=C2)N(C)C5=CC=CC=C51;;474.550000000;C26H30N6O3;Protein;PRKG2;;;Q13237;H.sapiens;Inhibition;percent Inhibition;10;MicroMolar;0
Small molecule;HMSL10094;HMSL10094;XMD8-92;O=C1N(C)C2=C(N=C(NC3=C(OCC)C=C(N4CCC(O)CC4)C=C3)N=C2)N(C)C5=CC=CC=C51;;474.550000000;C26H30N6O3;Protein;PRKR;;;P19525;H.sapiens;Inhibition;percent Inhibition;10;MicroMolar;0
Small molecule;HMSL10094;HMSL10094;XMD8-92;O=C1N(C)C2=C(N=C(NC3=C(OCC)C=C(N4CCC(O)CC4)C=C3)N=C2)N(C)C5=CC=CC=C51;;474.550000000;C26H30N6O3;Protein;PRKX;;;P51817;H.sapiens;Inhibition;percent Inhibition;10;MicroMolar;0
Small molecule;HMSL10094;HMSL10094;XMD8-92;O=C1N(C)C2=C(N=C(NC3=C(OCC)C=C(N4CCC(O)CC4)C=C3)N=C2)N(C)C5=CC=CC=C51;;474.550000000;C26H30N6O3;Protein;PRP4;;;Q13523;H.sapiens;Inhibition;percent Inhibition;10;MicroMolar;0
Small molecule;HMSL10094;HMSL10094;XMD8-92;O=C1N(C)C2=C(N=C(NC3=C(OCC)C=C(N4CCC(O)CC4)C=C3)N=C2)N(C)C5=CC=CC=C51;;474.550000000;C26H30N6O3;Protein;PYK2;;;Q14289;H.sapiens;Inhibition;percent Inhibition;10;MicroMolar;0
Small molecule;HMSL10094;HMSL10094;XMD8-92;O=C1N(C)C2=C(N=C(NC3=C(OCC)C=C(N4CCC(O)CC4)C=C3)N=C2)N(C)C5=CC=CC=C51;;474.550000000;C26H30N6O3;Protein;RAF1;;;P04049;H.sapiens;Inhibition;percent Inhibition;10;MicroMolar;0
Small molecule;HMSL10094;HMSL10094;XMD8-92;O=C1N(C)C2=C(N=C(NC3=C(OCC)C=C(N4CCC(O)CC4)C=C3)N=C2)N(C)C5=CC=CC=C51;;474.550000000;C26H30N6O3;Protein;RET;;;P07949;H.sapiens;Inhibition;percent Inhibition;10;MicroMolar;0
Small molecule;HMSL10094;HMSL10094;XMD8-92;O=C1N(C)C2=C(N=C(NC3=C(OCC)C=C(N4CCC(O)CC4)C=C3)N=C2)N(C)C5=CC=CC=C51;;474.550000000;C26H30N6O3;Protein;RET(M918T);;M918T;P07949;H.sapiens;Inhibition;percent Inhibition;10;MicroMolar;0
Small molecule;HMSL10094;HMSL10094;XMD8-92;O=C1N(C)C2=C(N=C(NC3=C(OCC)C=C(N4CCC(O)CC4)C=C3)N=C2)N(C)C5=CC=CC=C51;;474.550000000;C26H30N6O3;Protein;RET(V804L);;V804L;P07949;H.sapiens;Inhibition;percent Inhibition;10;MicroMolar;0
Small molecule;HMSL10094;HMSL10094;XMD8-92;O=C1N(C)C2=C(N=C(NC3=C(OCC)C=C(N4CCC(O)CC4)C=C3)N=C2)N(C)C5=CC=CC=C51;;474.550000000;C26H30N6O3;Protein;RET(V804M);;V804M;P07949;H.sapiens;Inhibition;percent Inhibition;10;MicroMolar;0
Small molecule;HMSL10094;HMSL10094;XMD8-92;O=C1N(C)C2=C(N=C(NC3=C(OCC)C=C(N4CCC(O)CC4)C=C3)N=C2)N(C)C5=CC=CC=C51;;474.550000000;C26H30N6O3;Protein;RIOK1;;;Q9BRS2;H.sapiens;Inhibition;percent Inhibition;10;MicroMolar;0
Small molecule;HMSL10094;HMSL10094;XMD8-92;O=C1N(C)C2=C(N=C(NC3=C(OCC)C=C(N4CCC(O)CC4)C=C3)N=C2)N(C)C5=CC=CC=C51;;474.550000000;C26H30N6O3;Protein;IRAK3;null;null;Q9Y616;null;Inhibition;percent Inhibition;10;MicroMolar;0
Small molecule;HMSL10094;HMSL10094;XMD8-92;O=C1N(C)C2=C(N=C(NC3=C(OCC)C=C(N4CCC(O)CC4)C=C3)N=C2)N(C)C5=CC=CC=C51;;474.550000000;C26H30N6O3;Protein;JAK1(JH2domain-pseudokinase);null;null;P23458;null;Inhibition;percent Inhibition;10;MicroMolar;0
Small molecule;HMSL10094;HMSL10094;XMD8-92;O=C1N(C)C2=C(N=C(NC3=C(OCC)C=C(N4CCC(O)CC4)C=C3)N=C2)N(C)C5=CC=CC=C51;;474.550000000;C26H30N6O3;Protein;KIT(L576P);null;null;P10721;null;Inhibition;percent Inhibition;10;MicroMolar;0
Small molecule;HMSL10094;HMSL10094;XMD8-92;O=C1N(C)C2=C(N=C(NC3=C(OCC)C=C(N4CCC(O)CC4)C=C3)N=C2)N(C)C5=CC=CC=C51;;474.550000000;C26H30N6O3;Protein;KIT(V559D);null;null;P10721;null;Inhibition;percent Inhibition;10;MicroMolar;0
Small molecule;HMSL10094;HMSL10094;XMD8-92;O=C1N(C)C2=C(N=C(NC3=C(OCC)C=C(N4CCC(O)CC4)C=C3)N=C2)N(C)C5=CC=CC=C51;;474.550000000;C26H30N6O3;Protein;KIT(V559D,T670I);null;null;P10721;null;Inhibition;percent Inhibition;10;MicroMolar;0
Small molecule;HMSL10094;HMSL10094;XMD8-92;O=C1N(C)C2=C(N=C(NC3=C(OCC)C=C(N4CCC(O)CC4)C=C3)N=C2)N(C)C5=CC=CC=C51;;474.550000000;C26H30N6O3;Protein;KIT(V559D,V654A);null;null;P10721;null;Inhibition;percent Inhibition;10;MicroMolar;0
Small molecule;HMSL10094;HMSL10094;XMD8-92;O=C1N(C)C2=C(N=C(NC3=C(OCC)C=C(N4CCC(O)CC4)C=C3)N=C2)N(C)C5=CC=CC=C51;;474.550000000;C26H30N6O3;Protein;LATS2;null;null;Q9NRM7;null;Inhibition;percent Inhibition;10;MicroMolar;0
Small molecule;HMSL10094;HMSL10094;XMD8-92;O=C1N(C)C2=C(N=C(NC3=C(OCC)C=C(N4CCC(O)CC4)C=C3)N=C2)N(C)C5=CC=CC=C51;;474.550000000;C26H30N6O3;Protein;MAP4K4;null;null;O95819;null;Inhibition;percent Inhibition;10;MicroMolar;0
Small molecule;HMSL10094;HMSL10094;XMD8-92;O=C1N(C)C2=C(N=C(NC3=C(OCC)C=C(N4CCC(O)CC4)C=C3)N=C2)N(C)C5=CC=CC=C51;;474.550000000;C26H30N6O3;Protein;MERTK;null;null;Q12866;null;Inhibition;percent Inhibition;10;MicroMolar;0
Small molecule;HMSL10094;HMSL10094;XMD8-92;O=C1N(C)C2=C(N=C(NC3=C(OCC)C=C(N4CCC(O)CC4)C=C3)N=C2)N(C)C5=CC=CC=C51;;474.550000000;C26H30N6O3;Protein;MST2;null;null;Q13188;null;Inhibition;percent Inhibition;10;MicroMolar;0
Small molecule;HMSL10094;HMSL10094;XMD8-92;O=C1N(C)C2=C(N=C(NC3=C(OCC)C=C(N4CCC(O)CC4)C=C3)N=C2)N(C)C5=CC=CC=C51;;474.550000000;C26H30N6O3;Protein;p38-gamma;null;null;P53778;null;Inhibition;percent Inhibition;10;MicroMolar;0
Small molecule;HMSL10094;HMSL10094;XMD8-92;O=C1N(C)C2=C(N=C(NC3=C(OCC)C=C(N4CCC(O)CC4)C=C3)N=C2)N(C)C5=CC=CC=C51;;474.550000000;C26H30N6O3;Protein;PAK2;null;null;Q13177;null;Inhibition;percent Inhibition;10;MicroMolar;0
Small molecule;HMSL10094;HMSL10094;XMD8-92;O=C1N(C)C2=C(N=C(NC3=C(OCC)C=C(N4CCC(O)CC4)C=C3)N=C2)N(C)C5=CC=CC=C51;;474.550000000;C26H30N6O3;Protein;PCTK2;null;null;Q00537;null;Inhibition;percent Inhibition;10;MicroMolar;0
Small molecule;HMSL10094;HMSL10094;XMD8-92;O=C1N(C)C2=C(N=C(NC3=C(OCC)C=C(N4CCC(O)CC4)C=C3)N=C2)N(C)C5=CC=CC=C51;;474.550000000;C26H30N6O3;Protein;PIK3C2B;null;null;O00750;null;Inhibition;percent Inhibition;10;MicroMolar;0
Small molecule;HMSL10094;HMSL10094;XMD8-92;O=C1N(C)C2=C(N=C(NC3=C(OCC)C=C(N4CCC(O)CC4)C=C3)N=C2)N(C)C5=CC=CC=C51;;474.550000000;C26H30N6O3;Protein;PIK3C2G;null;null;O75747;null;Inhibition;percent Inhibition;10;MicroMolar;0
Small molecule;HMSL10094;HMSL10094;XMD8-92;O=C1N(C)C2=C(N=C(NC3=C(OCC)C=C(N4CCC(O)CC4)C=C3)N=C2)N(C)C5=CC=CC=C51;;474.550000000;C26H30N6O3;Protein;PIK3CD;null;null;O00329;null;Inhibition;percent Inhibition;10;MicroMolar;0
Small molecule;HMSL10094;HMSL10094;XMD8-92;O=C1N(C)C2=C(N=C(NC3=C(OCC)C=C(N4CCC(O)CC4)C=C3)N=C2)N(C)C5=CC=CC=C51;;474.550000000;C26H30N6O3;Protein;RIOK2;;;Q9BVS4;H.sapiens;Inhibition;percent Inhibition;10;MicroMolar;0
Small molecule;HMSL10094;HMSL10094;XMD8-92;O=C1N(C)C2=C(N=C(NC3=C(OCC)C=C(N4CCC(O)CC4)C=C3)N=C2)N(C)C5=CC=CC=C51;;474.550000000;C26H30N6O3;Protein;RIOK3;;;O14730;H.sapiens;Inhibition;percent Inhibition;10;MicroMolar;0
Small molecule;HMSL10094;HMSL10094;XMD8-92;O=C1N(C)C2=C(N=C(NC3=C(OCC)C=C(N4CCC(O)CC4)C=C3)N=C2)N(C)C5=CC=CC=C51;;474.550000000;C26H30N6O3;Protein;RIPK1;;;Q13546;H.sapiens;Inhibition;percent Inhibition;10;MicroMolar;0
Small molecule;HMSL10094;HMSL10094;XMD8-92;O=C1N(C)C2=C(N=C(NC3=C(OCC)C=C(N4CCC(O)CC4)C=C3)N=C2)N(C)C5=CC=CC=C51;;474.550000000;C26H30N6O3;Protein;RIPK2;;;O43353;H.sapiens;Inhibition;percent Inhibition;10;MicroMolar;0
Small molecule;HMSL10094;HMSL10094;XMD8-92;O=C1N(C)C2=C(N=C(NC3=C(OCC)C=C(N4CCC(O)CC4)C=C3)N=C2)N(C)C5=CC=CC=C51;;474.550000000;C26H30N6O3;Protein;RIPK4;;;Q9H4D1;H.sapiens;Inhibition;percent Inhibition;10;MicroMolar;0
Small molecule;HMSL10094;HMSL10094;XMD8-92;O=C1N(C)C2=C(N=C(NC3=C(OCC)C=C(N4CCC(O)CC4)C=C3)N=C2)N(C)C5=CC=CC=C51;;474.550000000;C26H30N6O3;Protein;ROCK1;;;Q13464;H.sapiens;Inhibition;percent Inhibition;10;MicroMolar;0
Small molecule;HMSL10094;HMSL10094;XMD8-92;O=C1N(C)C2=C(N=C(NC3=C(OCC)C=C(N4CCC(O)CC4)C=C3)N=C2)N(C)C5=CC=CC=C51;;474.550000000;C26H30N6O3;Protein;ROCK2;;;O75116;H.sapiens;Inhibition;percent Inhibition;10;MicroMolar;0
Small molecule;HMSL10094;HMSL10094;XMD8-92;O=C1N(C)C2=C(N=C(NC3=C(OCC)C=C(N4CCC(O)CC4)C=C3)N=C2)N(C)C5=CC=CC=C51;;474.550000000;C26H30N6O3;Protein;ROS1;;;P08922;H.sapiens;Inhibition;percent Inhibition;10;MicroMolar;85
Small molecule;HMSL10094;HMSL10094;XMD8-92;O=C1N(C)C2=C(N=C(NC3=C(OCC)C=C(N4CCC(O)CC4)C=C3)N=C2)N(C)C5=CC=CC=C51;;474.550000000;C26H30N6O3;Protein;RPS6KA4(Kin.Dom.1-N-terminal);;;O75676;H.sapiens;Inhibition;percent Inhibition;10;MicroMolar;0
Small molecule;HMSL10094;HMSL10094;XMD8-92;O=C1N(C)C2=C(N=C(NC3=C(OCC)C=C(N4CCC(O)CC4)C=C3)N=C2)N(C)C5=CC=CC=C51;;474.550000000;C26H30N6O3;Protein;RPS6KA4(Kin.Dom.2-C-terminal);;;O75676;H.sapiens;Inhibition;percent Inhibition;10;MicroMolar;0
Small molecule;HMSL10094;HMSL10094;XMD8-92;O=C1N(C)C2=C(N=C(NC3=C(OCC)C=C(N4CCC(O)CC4)C=C3)N=C2)N(C)C5=CC=CC=C51;;474.550000000;C26H30N6O3;Protein;RPS6KA5(Kin.Dom.1-N-terminal);;;O75582;H.sapiens;Inhibition;percent Inhibition;10;MicroMolar;0
Small molecule;HMSL10094;HMSL10094;XMD8-92;O=C1N(C)C2=C(N=C(NC3=C(OCC)C=C(N4CCC(O)CC4)C=C3)N=C2)N(C)C5=CC=CC=C51;;474.550000000;C26H30N6O3;Protein;RPS6KA5(Kin.Dom.2-C-terminal);;;O75582;H.sapiens;Inhibition;percent Inhibition;10;MicroMolar;0
Small molecule;HMSL10094;HMSL10094;XMD8-92;O=C1N(C)C2=C(N=C(NC3=C(OCC)C=C(N4CCC(O)CC4)C=C3)N=C2)N(C)C5=CC=CC=C51;;474.550000000;C26H30N6O3;Protein;SBK1;;;Q52WX2;H.sapiens;Inhibition;percent Inhibition;10;MicroMolar;0
Small molecule;HMSL10094;HMSL10094;XMD8-92;O=C1N(C)C2=C(N=C(NC3=C(OCC)C=C(N4CCC(O)CC4)C=C3)N=C2)N(C)C5=CC=CC=C51;;474.550000000;C26H30N6O3;Protein;PIM3;null;null;Q86V86;null;Inhibition;percent Inhibition;10;MicroMolar;0
Small molecule;HMSL10094;HMSL10094;XMD8-92;O=C1N(C)C2=C(N=C(NC3=C(OCC)C=C(N4CCC(O)CC4)C=C3)N=C2)N(C)C5=CC=CC=C51;;474.550000000;C26H30N6O3;Protein;PLK4;null;null;O00444;null;Inhibition;percent Inhibition;10;MicroMolar;97.2
Small molecule;HMSL10094;HMSL10094;XMD8-92;O=C1N(C)C2=C(N=C(NC3=C(OCC)C=C(N4CCC(O)CC4)C=C3)N=C2)N(C)C5=CC=CC=C51;;474.550000000;C26H30N6O3;Protein;QSK;null;null;Q9Y2K2;null;Inhibition;percent Inhibition;10;MicroMolar;0
Small molecule;HMSL10094;HMSL10094;XMD8-92;O=C1N(C)C2=C(N=C(NC3=C(OCC)C=C(N4CCC(O)CC4)C=C3)N=C2)N(C)C5=CC=CC=C51;;474.550000000;C26H30N6O3;Protein;RPS6KA1(Kin.Dom.1-N-terminal);null;null;Q15418;null;Inhibition;percent Inhibition;10;MicroMolar;0
Small molecule;HMSL10094;HMSL10094;XMD8-92;O=C1N(C)C2=C(N=C(NC3=C(OCC)C=C(N4CCC(O)CC4)C=C3)N=C2)N(C)C5=CC=CC=C51;;474.550000000;C26H30N6O3;Protein;RPS6KA1(Kin.Dom.2-C-terminal);null;null;Q15418;null;Inhibition;percent Inhibition;10;MicroMolar;72
Small molecule;HMSL10094;HMSL10094;XMD8-92;O=C1N(C)C2=C(N=C(NC3=C(OCC)C=C(N4CCC(O)CC4)C=C3)N=C2)N(C)C5=CC=CC=C51;;474.550000000;C26H30N6O3;Protein;RPS6KA2(Kin.Dom.1-N-terminal);null;null;Q15349;null;Inhibition;percent Inhibition;10;MicroMolar;0
Small molecule;HMSL10094;HMSL10094;XMD8-92;O=C1N(C)C2=C(N=C(NC3=C(OCC)C=C(N4CCC(O)CC4)C=C3)N=C2)N(C)C5=CC=CC=C51;;474.550000000;C26H30N6O3;Protein;RPS6KA2(Kin.Dom.2-C-terminal);null;null;Q15349;null;Inhibition;percent Inhibition;10;MicroMolar;0
Small molecule;HMSL10094;HMSL10094;XMD8-92;O=C1N(C)C2=C(N=C(NC3=C(OCC)C=C(N4CCC(O)CC4)C=C3)N=C2)N(C)C5=CC=CC=C51;;474.550000000;C26H30N6O3;Protein;RPS6KA3(Kin.Dom.1-N-terminal);null;null;P51812;null;Inhibition;percent Inhibition;10;MicroMolar;0
Small molecule;HMSL10094;HMSL10094;XMD8-92;O=C1N(C)C2=C(N=C(NC3=C(OCC)C=C(N4CCC(O)CC4)C=C3)N=C2)N(C)C5=CC=CC=C51;;474.550000000;C26H30N6O3;Protein;RPS6KA6(Kin.Dom.1-N-terminal);null;null;Q9UK32;null;Inhibition;percent Inhibition;10;MicroMolar;0
Small molecule;HMSL10094;HMSL10094;XMD8-92;O=C1N(C)C2=C(N=C(NC3=C(OCC)C=C(N4CCC(O)CC4)C=C3)N=C2)N(C)C5=CC=CC=C51;;474.550000000;C26H30N6O3;Protein;RPS6KA6(Kin.Dom.2-C-terminal);null;null;Q9UK32;null;Inhibition;percent Inhibition;10;MicroMolar;69
Small molecule;HMSL10094;HMSL10094;XMD8-92;O=C1N(C)C2=C(N=C(NC3=C(OCC)C=C(N4CCC(O)CC4)C=C3)N=C2)N(C)C5=CC=CC=C51;;474.550000000;C26H30N6O3;Protein;SIK;;;P57059;H.sapiens;Inhibition;percent Inhibition;10;MicroMolar;0
Small molecule;HMSL10094;HMSL10094;XMD8-92;O=C1N(C)C2=C(N=C(NC3=C(OCC)C=C(N4CCC(O)CC4)C=C3)N=C2)N(C)C5=CC=CC=C51;;474.550000000;C26H30N6O3;Protein;SIK2;;;Q9H0K1;H.sapiens;Inhibition;percent Inhibition;10;MicroMolar;0
Small molecule;HMSL10094;HMSL10094;XMD8-92;O=C1N(C)C2=C(N=C(NC3=C(OCC)C=C(N4CCC(O)CC4)C=C3)N=C2)N(C)C5=CC=CC=C51;;474.550000000;C26H30N6O3;Protein;SLK;;;Q9H2G2;H.sapiens;Inhibition;percent Inhibition;10;MicroMolar;0
Small molecule;HMSL10094;HMSL10094;XMD8-92;O=C1N(C)C2=C(N=C(NC3=C(OCC)C=C(N4CCC(O)CC4)C=C3)N=C2)N(C)C5=CC=CC=C51;;474.550000000;C26H30N6O3;Protein;SNARK;;;Q9H093;H.sapiens;Inhibition;percent Inhibition;10;MicroMolar;0
Small molecule;HMSL10094;HMSL10094;XMD8-92;O=C1N(C)C2=C(N=C(NC3=C(OCC)C=C(N4CCC(O)CC4)C=C3)N=C2)N(C)C5=CC=CC=C51;;474.550000000;C26H30N6O3;Protein;SRC;;;P12931;H.sapiens;Inhibition;percent Inhibition;10;MicroMolar;0
Small molecule;HMSL10094;HMSL10094;XMD8-92;O=C1N(C)C2=C(N=C(NC3=C(OCC)C=C(N4CCC(O)CC4)C=C3)N=C2)N(C)C5=CC=CC=C51;;474.550000000;C26H30N6O3;Protein;SRMS;;;Q9H3Y6;H.sapiens;Inhibition;percent Inhibition;10;MicroMolar;0
Small molecule;HMSL10094;HMSL10094;XMD8-92;O=C1N(C)C2=C(N=C(NC3=C(OCC)C=C(N4CCC(O)CC4)C=C3)N=C2)N(C)C5=CC=CC=C51;;474.550000000;C26H30N6O3;Protein;SRPK1;;;Q96SB4;H.sapiens;Inhibition;percent Inhibition;10;MicroMolar;0
Small molecule;HMSL10094;HMSL10094;XMD8-92;O=C1N(C)C2=C(N=C(NC3=C(OCC)C=C(N4CCC(O)CC4)C=C3)N=C2)N(C)C5=CC=CC=C51;;474.550000000;C26H30N6O3;Protein;SRPK3;;;Q9UPE1;H.sapiens;Inhibition;percent Inhibition;10;MicroMolar;0
Small molecule;HMSL10094;HMSL10094;XMD8-92;O=C1N(C)C2=C(N=C(NC3=C(OCC)C=C(N4CCC(O)CC4)C=C3)N=C2)N(C)C5=CC=CC=C51;;474.550000000;C26H30N6O3;Protein;STK33;;;Q9BYT3;H.sapiens;Inhibition;percent Inhibition;10;MicroMolar;0
Small molecule;HMSL10094;HMSL10094;XMD8-92;O=C1N(C)C2=C(N=C(NC3=C(OCC)C=C(N4CCC(O)CC4)C=C3)N=C2)N(C)C5=CC=CC=C51;;474.550000000;C26H30N6O3;Protein;STK35;;;Q8TDR2;H.sapiens;Inhibition;percent Inhibition;10;MicroMolar;0
Small molecule;HMSL10094;HMSL10094;XMD8-92;O=C1N(C)C2=C(N=C(NC3=C(OCC)C=C(N4CCC(O)CC4)C=C3)N=C2)N(C)C5=CC=CC=C51;;474.550000000;C26H30N6O3;Protein;STK39;;;Q9UEW8;H.sapiens;Inhibition;percent Inhibition;10;MicroMolar;0
Small molecule;HMSL10094;HMSL10094;XMD8-92;O=C1N(C)C2=C(N=C(NC3=C(OCC)C=C(N4CCC(O)CC4)C=C3)N=C2)N(C)C5=CC=CC=C51;;474.550000000;C26H30N6O3;Protein;SYK;;;P43405;H.sapiens;Inhibition;percent Inhibition;10;MicroMolar;0
Small molecule;HMSL10094;HMSL10094;XMD8-92;O=C1N(C)C2=C(N=C(NC3=C(OCC)C=C(N4CCC(O)CC4)C=C3)N=C2)N(C)C5=CC=CC=C51;;474.550000000;C26H30N6O3;Protein;TAK1;;;O43318;H.sapiens;Inhibition;percent Inhibition;10;MicroMolar;0
Small molecule;HMSL10094;HMSL10094;XMD8-92;O=C1N(C)C2=C(N=C(NC3=C(OCC)C=C(N4CCC(O)CC4)C=C3)N=C2)N(C)C5=CC=CC=C51;;474.550000000;C26H30N6O3;Protein;TAOK1;;;Q7L7X3;H.sapiens;Inhibition;percent Inhibition;10;MicroMolar;0
Small molecule;HMSL10094;HMSL10094;XMD8-92;O=C1N(C)C2=C(N=C(NC3=C(OCC)C=C(N4CCC(O)CC4)C=C3)N=C2)N(C)C5=CC=CC=C51;;474.550000000;C26H30N6O3;Protein;TBK1;;;Q9UHD2;H.sapiens;Inhibition;percent Inhibition;10;MicroMolar;0
Small molecule;HMSL10094;HMSL10094;XMD8-92;O=C1N(C)C2=C(N=C(NC3=C(OCC)C=C(N4CCC(O)CC4)C=C3)N=C2)N(C)C5=CC=CC=C51;;474.550000000;C26H30N6O3;Protein;TESK1;;;Q15569;H.sapiens;Inhibition;percent Inhibition;10;MicroMolar;0
Small molecule;HMSL10094;HMSL10094;XMD8-92;O=C1N(C)C2=C(N=C(NC3=C(OCC)C=C(N4CCC(O)CC4)C=C3)N=C2)N(C)C5=CC=CC=C51;;474.550000000;C26H30N6O3;Protein;TGFBR1;;;P36897;H.sapiens;Inhibition;percent Inhibition;10;MicroMolar;0
Small molecule;HMSL10094;HMSL10094;XMD8-92;O=C1N(C)C2=C(N=C(NC3=C(OCC)C=C(N4CCC(O)CC4)C=C3)N=C2)N(C)C5=CC=CC=C51;;474.550000000;C26H30N6O3;Protein;TGFBR2;;;P37173;H.sapiens;Inhibition;percent Inhibition;10;MicroMolar;0
Small molecule;HMSL10094;HMSL10094;XMD8-92;O=C1N(C)C2=C(N=C(NC3=C(OCC)C=C(N4CCC(O)CC4)C=C3)N=C2)N(C)C5=CC=CC=C51;;474.550000000;C26H30N6O3;Protein;TIE1;;;P35590;H.sapiens;Inhibition;percent Inhibition;10;MicroMolar;0
Small molecule;HMSL10094;HMSL10094;XMD8-92;O=C1N(C)C2=C(N=C(NC3=C(OCC)C=C(N4CCC(O)CC4)C=C3)N=C2)N(C)C5=CC=CC=C51;;474.550000000;C26H30N6O3;Protein;TIE2;;;Q02763;H.sapiens;Inhibition;percent Inhibition;10;MicroMolar;0
Small molecule;HMSL10094;HMSL10094;XMD8-92;O=C1N(C)C2=C(N=C(NC3=C(OCC)C=C(N4CCC(O)CC4)C=C3)N=C2)N(C)C5=CC=CC=C51;;474.550000000;C26H30N6O3;Protein;TLK1;;;Q9UKI8;H.sapiens;Inhibition;percent Inhibition;10;MicroMolar;0
Small molecule;HMSL10094;HMSL10094;XMD8-92;O=C1N(C)C2=C(N=C(NC3=C(OCC)C=C(N4CCC(O)CC4)C=C3)N=C2)N(C)C5=CC=CC=C51;;474.550000000;C26H30N6O3;Protein;TNIK;;;Q9UKE5;H.sapiens;Inhibition;percent Inhibition;10;MicroMolar;0
Small molecule;HMSL10094;HMSL10094;XMD8-92;O=C1N(C)C2=C(N=C(NC3=C(OCC)C=C(N4CCC(O)CC4)C=C3)N=C2)N(C)C5=CC=CC=C51;;474.550000000;C26H30N6O3;Protein;TNK1;;;Q13470;H.sapiens;Inhibition;percent Inhibition;10;MicroMolar;92.2
Small molecule;HMSL10094;HMSL10094;XMD8-92;O=C1N(C)C2=C(N=C(NC3=C(OCC)C=C(N4CCC(O)CC4)C=C3)N=C2)N(C)C5=CC=CC=C51;;474.550000000;C26H30N6O3;Protein;TNK2;;;Q07912;H.sapiens;Inhibition;percent Inhibition;10;MicroMolar;83
Small molecule;HMSL10094;HMSL10094;XMD8-92;O=C1N(C)C2=C(N=C(NC3=C(OCC)C=C(N4CCC(O)CC4)C=C3)N=C2)N(C)C5=CC=CC=C51;;474.550000000;C26H30N6O3;Protein;TNNI3K;;;Q59H18;H.sapiens;Inhibition;percent Inhibition;10;MicroMolar;0
Small molecule;HMSL10094;HMSL10094;XMD8-92;O=C1N(C)C2=C(N=C(NC3=C(OCC)C=C(N4CCC(O)CC4)C=C3)N=C2)N(C)C5=CC=CC=C51;;474.550000000;C26H30N6O3;Protein;TRKA;;;P04629;H.sapiens;Inhibition;percent Inhibition;10;MicroMolar;0
Small molecule;HMSL10094;HMSL10094;XMD8-92;O=C1N(C)C2=C(N=C(NC3=C(OCC)C=C(N4CCC(O)CC4)C=C3)N=C2)N(C)C5=CC=CC=C51;;474.550000000;C26H30N6O3;Protein;TRKB;;;Q16620;H.sapiens;Inhibition;percent Inhibition;10;MicroMolar;0
Small molecule;HMSL10094;HMSL10094;XMD8-92;O=C1N(C)C2=C(N=C(NC3=C(OCC)C=C(N4CCC(O)CC4)C=C3)N=C2)N(C)C5=CC=CC=C51;;474.550000000;C26H30N6O3;Protein;TSSK1B;;;Q9BXA7;H.sapiens;Inhibition;percent Inhibition;10;MicroMolar;0
Small molecule;HMSL10094;HMSL10094;XMD8-92;O=C1N(C)C2=C(N=C(NC3=C(OCC)C=C(N4CCC(O)CC4)C=C3)N=C2)N(C)C5=CC=CC=C51;;474.550000000;C26H30N6O3;Protein;TTK;;;P33981;H.sapiens;Inhibition;percent Inhibition;10;MicroMolar;81
Small molecule;HMSL10094;HMSL10094;XMD8-92;O=C1N(C)C2=C(N=C(NC3=C(OCC)C=C(N4CCC(O)CC4)C=C3)N=C2)N(C)C5=CC=CC=C51;;474.550000000;C26H30N6O3;Protein;TXK;;;P42681;H.sapiens;Inhibition;percent Inhibition;10;MicroMolar;0
Small molecule;HMSL10094;HMSL10094;XMD8-92;O=C1N(C)C2=C(N=C(NC3=C(OCC)C=C(N4CCC(O)CC4)C=C3)N=C2)N(C)C5=CC=CC=C51;;474.550000000;C26H30N6O3;Protein;TYK2(JH2domain-pseudokinase);;;P29597;H.sapiens;Inhibition;percent Inhibition;10;MicroMolar;0
Small molecule;HMSL10094;HMSL10094;XMD8-92;O=C1N(C)C2=C(N=C(NC3=C(OCC)C=C(N4CCC(O)CC4)C=C3)N=C2)N(C)C5=CC=CC=C51;;474.550000000;C26H30N6O3;Protein;TYRO3;;;Q06418;H.sapiens;Inhibition;percent Inhibition;10;MicroMolar;0
Small molecule;HMSL10094;HMSL10094;XMD8-92;O=C1N(C)C2=C(N=C(NC3=C(OCC)C=C(N4CCC(O)CC4)C=C3)N=C2)N(C)C5=CC=CC=C51;;474.550000000;C26H30N6O3;Protein;ULK1;;;O75385;H.sapiens;Inhibition;percent Inhibition;10;MicroMolar;0
Small molecule;HMSL10094;HMSL10094;XMD8-92;O=C1N(C)C2=C(N=C(NC3=C(OCC)C=C(N4CCC(O)CC4)C=C3)N=C2)N(C)C5=CC=CC=C51;;474.550000000;C26H30N6O3;Protein;ULK2;;;Q8IYT8;H.sapiens;Inhibition;percent Inhibition;10;MicroMolar;0
Small molecule;HMSL10094;HMSL10094;XMD8-92;O=C1N(C)C2=C(N=C(NC3=C(OCC)C=C(N4CCC(O)CC4)C=C3)N=C2)N(C)C5=CC=CC=C51;;474.550000000;C26H30N6O3;Protein;ULK3;;;Q6PHR2;H.sapiens;Inhibition;percent Inhibition;10;MicroMolar;0
Small molecule;HMSL10094;HMSL10094;XMD8-92;O=C1N(C)C2=C(N=C(NC3=C(OCC)C=C(N4CCC(O)CC4)C=C3)N=C2)N(C)C5=CC=CC=C51;;474.550000000;C26H30N6O3;Protein;VEGFR2;;;P35968;H.sapiens;Inhibition;percent Inhibition;10;MicroMolar;0
Small molecule;HMSL10094;HMSL10094;XMD8-92;O=C1N(C)C2=C(N=C(NC3=C(OCC)C=C(N4CCC(O)CC4)C=C3)N=C2)N(C)C5=CC=CC=C51;;474.550000000;C26H30N6O3;Protein;WEE1;;;P30291;H.sapiens;Inhibition;percent Inhibition;10;MicroMolar;0
Small molecule;HMSL10094;HMSL10094;XMD8-92;O=C1N(C)C2=C(N=C(NC3=C(OCC)C=C(N4CCC(O)CC4)C=C3)N=C2)N(C)C5=CC=CC=C51;;474.550000000;C26H30N6O3;Protein;WEE2;;;P0C1S8;H.sapiens;Inhibition;percent Inhibition;10;MicroMolar;0
Small molecule;HMSL10094;HMSL10094;XMD8-92;O=C1N(C)C2=C(N=C(NC3=C(OCC)C=C(N4CCC(O)CC4)C=C3)N=C2)N(C)C5=CC=CC=C51;;474.550000000;C26H30N6O3;Protein;YANK2;;;Q9NY57;H.sapiens;Inhibition;percent Inhibition;10;MicroMolar;0
Small molecule;HMSL10094;HMSL10094;XMD8-92;O=C1N(C)C2=C(N=C(NC3=C(OCC)C=C(N4CCC(O)CC4)C=C3)N=C2)N(C)C5=CC=CC=C51;;474.550000000;C26H30N6O3;Protein;YANK3;;;Q86UX6;H.sapiens;Inhibition;percent Inhibition;10;MicroMolar;0
Small molecule;HMSL10094;HMSL10094;XMD8-92;O=C1N(C)C2=C(N=C(NC3=C(OCC)C=C(N4CCC(O)CC4)C=C3)N=C2)N(C)C5=CC=CC=C51;;474.550000000;C26H30N6O3;Protein;YES;;;P07947;H.sapiens;Inhibition;percent Inhibition;10;MicroMolar;0
Small molecule;HMSL10094;HMSL10094;XMD8-92;O=C1N(C)C2=C(N=C(NC3=C(OCC)C=C(N4CCC(O)CC4)C=C3)N=C2)N(C)C5=CC=CC=C51;;474.550000000;C26H30N6O3;Protein;YSK1;;;O00506;H.sapiens;Inhibition;percent Inhibition;10;MicroMolar;0
Small molecule;HMSL10094;HMSL10094;XMD8-92;O=C1N(C)C2=C(N=C(NC3=C(OCC)C=C(N4CCC(O)CC4)C=C3)N=C2)N(C)C5=CC=CC=C51;;474.550000000;C26H30N6O3;Protein;YSK4;;;Q56UN5;H.sapiens;Inhibition;percent Inhibition;10;MicroMolar;0
Small molecule;HMSL10094;HMSL10094;XMD8-92;O=C1N(C)C2=C(N=C(NC3=C(OCC)C=C(N4CCC(O)CC4)C=C3)N=C2)N(C)C5=CC=CC=C51;;474.550000000;C26H30N6O3;Protein;ZAK;;;Q9NYL2;H.sapiens;Inhibition;percent Inhibition;10;MicroMolar;0
Small molecule;HMSL10094;HMSL10094;XMD8-92;O=C1N(C)C2=C(N=C(NC3=C(OCC)C=C(N4CCC(O)CC4)C=C3)N=C2)N(C)C5=CC=CC=C51;;474.550000000;C26H30N6O3;Protein;ZAP70;;;P43403;H.sapiens;Inhibition;percent Inhibition;10;MicroMolar;0
Small molecule;HMSL10094;HMSL10094;XMD8-92;O=C1N(C)C2=C(N=C(NC3=C(OCC)C=C(N4CCC(O)CC4)C=C3)N=C2)N(C)C5=CC=CC=C51;;474.550000000;C26H30N6O3;Protein;SgK085;null;null;Q86YV6;null;Inhibition;percent Inhibition;10;MicroMolar;0
Small molecule;HMSL10094;HMSL10094;XMD8-92;O=C1N(C)C2=C(N=C(NC3=C(OCC)C=C(N4CCC(O)CC4)C=C3)N=C2)N(C)C5=CC=CC=C51;;474.550000000;C26H30N6O3;Protein;SgK110;null;null;P0C264;null;Inhibition;percent Inhibition;10;MicroMolar;0
Small molecule;HMSL10094;HMSL10094;XMD8-92;O=C1N(C)C2=C(N=C(NC3=C(OCC)C=C(N4CCC(O)CC4)C=C3)N=C2)N(C)C5=CC=CC=C51;;474.550000000;C26H30N6O3;Protein;SRPK2;null;null;P78362;null;Inhibition;percent Inhibition;10;MicroMolar;0
Small molecule;HMSL10094;HMSL10094;XMD8-92;O=C1N(C)C2=C(N=C(NC3=C(OCC)C=C(N4CCC(O)CC4)C=C3)N=C2)N(C)C5=CC=CC=C51;;474.550000000;C26H30N6O3;Protein;STK16;null;null;O75716;null;Inhibition;percent Inhibition;10;MicroMolar;0
Small molecule;HMSL10094;HMSL10094;XMD8-92;O=C1N(C)C2=C(N=C(NC3=C(OCC)C=C(N4CCC(O)CC4)C=C3)N=C2)N(C)C5=CC=CC=C51;;474.550000000;C26H30N6O3;Protein;STK36;null;null;Q9NRP7;null;Inhibition;percent Inhibition;10;MicroMolar;0
Small molecule;HMSL10094;HMSL10094;XMD8-92;O=C1N(C)C2=C(N=C(NC3=C(OCC)C=C(N4CCC(O)CC4)C=C3)N=C2)N(C)C5=CC=CC=C51;;474.550000000;C26H30N6O3;Protein;TAO1 ;null;null;Q7L7X3 (NOT SURE);null;Inhibition;percent Inhibition;10;MicroMolar;0
Small molecule;HMSL10094;HMSL10094;XMD8-92;O=C1N(C)C2=C(N=C(NC3=C(OCC)C=C(N4CCC(O)CC4)C=C3)N=C2)N(C)C5=CC=CC=C51;;474.550000000;C26H30N6O3;Protein;TAOK3;null;null;Q9H2K8;null;Inhibition;percent Inhibition;10;MicroMolar;0
Small molecule;HMSL10094;HMSL10094;XMD8-92;O=C1N(C)C2=C(N=C(NC3=C(OCC)C=C(N4CCC(O)CC4)C=C3)N=C2)N(C)C5=CC=CC=C51;;474.550000000;C26H30N6O3;Protein;TEC;null;null;P42680;null;Inhibition;percent Inhibition;10;MicroMolar;0
Small molecule;HMSL10094;HMSL10094;XMD8-92;O=C1N(C)C2=C(N=C(NC3=C(OCC)C=C(N4CCC(O)CC4)C=C3)N=C2)N(C)C5=CC=CC=C51;;474.550000000;C26H30N6O3;Protein;TLK2;null;null;Q86UE8;null;Inhibition;percent Inhibition;10;MicroMolar;0
Small molecule;HMSL10094;HMSL10094;XMD8-92;O=C1N(C)C2=C(N=C(NC3=C(OCC)C=C(N4CCC(O)CC4)C=C3)N=C2)N(C)C5=CC=CC=C51;;474.550000000;C26H30N6O3;Protein;TRKC;null;null;Q16288;null;Inhibition;percent Inhibition;10;MicroMolar;0
Small molecule;HMSL10094;HMSL10094;XMD8-92;O=C1N(C)C2=C(N=C(NC3=C(OCC)C=C(N4CCC(O)CC4)C=C3)N=C2)N(C)C5=CC=CC=C51;;474.550000000;C26H30N6O3;Protein;TYK2(JH1domain-catalytic);null;null;P29597;null;Inhibition;percent Inhibition;10;MicroMolar;0
